case,scenario_id,pre_storage_eue_mwh,residual_eue_bound_mwh,storage_sufficiency_ratio,m1c_eue_mwh,m2_eue_mwh,m3_eue_mwh,bound_minus_m3_mwh,m1c_minus_m3_mwh,m2_minus_m3_mwh
VRE120_base_dur12h,1,29464.531872399966,113.91124999999738,0.9961339535108412,113.91124999999829,113.91124999999829,113.91124999999829,-9.094947017729282e-13,0.0,0.0
VRE120_base_dur12h,2,40276.92264119996,64.4009068000014,0.9984010469872858,64.40090679999958,64.40090679999958,64.40090679999958,1.8189894035458565e-12,0.0,0.0
VRE120_base_dur12h,3,35615.93109359997,93.79773160000332,0.9973664107965197,93.79773159999968,93.79773159999968,93.79773159999968,3.637978807091713e-12,0.0,0.0
VRE120_base_dur12h,4,49491.39154559995,1059.614011999991,0.9785899329376566,1059.614011999999,1059.614011999999,1059.614011999999,-8.185452315956354e-12,0.0,0.0
VRE120_base_dur12h,5,54383.20719439995,1404.8676487999837,0.9741672527003032,1404.8676487999937,1404.8676487999937,1404.8676487999937,-1.000444171950221e-11,0.0,0.0
VRE120_base_dur12h,6,39633.035714399964,1720.1353115999955,0.9565984467100759,1720.1353115999955,1720.1353115999946,1720.1353115999946,9.094947017729282e-13,9.094947017729282e-13,0.0
VRE120_base_dur12h,7,36566.712325199966,7.275957614183426e-12,0.9999999999999998,0.0,0.0,0.0,7.275957614183426e-12,0.0,0.0
VRE120_base_dur12h,8,24945.436746799973,3.637978807091713e-12,0.9999999999999999,0.0,0.0,0.0,3.637978807091713e-12,0.0,0.0
VRE120_base_dur12h,9,13900.730931999982,0.0,1.0000000000000002,0.0,0.0,0.0,0.0,0.0,0.0
VRE120_base_dur12h,10,19638.346831999974,0.0,1.0000000000000004,0.0,0.0,0.0,0.0,0.0,0.0
VRE120_base_dur12h,11,40313.85112839996,126.23800479999773,0.9968686195620972,126.23800479999954,126.23800479999954,126.23800479999954,-1.8189894035458565e-12,0.0,0.0
VRE120_base_dur12h,12,19869.128942399977,0.0,1.0,0.0,0.0,0.0,0.0,0.0,0.0
VRE120_base_dur12h,13,23746.44494479997,0.0,1.0,0.0,0.0,0.0,0.0,0.0,0.0
VRE120_base_dur12h,14,18393.798245999984,0.0,1.0,0.0,0.0,0.0,0.0,0.0,0.0
VRE120_base_dur12h,15,43791.13605639996,1964.9060367999991,0.9551300511073899,1964.9060367999973,1964.9060367999982,1964.9060367999982,9.094947017729282e-13,-9.094947017729282e-13,0.0
VRE120_base_dur12h,16,23056.623701599965,63.42909079999299,0.9972489861646312,63.42909079999845,63.42909079999845,63.42909079999845,-5.4569682106375694e-12,0.0,0.0
VRE120_base_dur12h,17,14618.263687599972,1.8189894035458565e-12,0.9999999999999999,0.0,0.0,0.0,1.8189894035458565e-12,0.0,0.0
VRE120_base_dur12h,18,34907.47428799997,574.2569795999952,0.9835491684427766,574.2569795999971,574.2569795999971,574.2569795999971,-1.8189894035458565e-12,0.0,0.0
VRE120_base_dur12h,19,27280.860125999963,0.0,1.0000000000000002,0.0,0.0,0.0,0.0,0.0,0.0
VRE120_base_dur12h,20,30448.88220039996,7.275957614183426e-12,0.9999999999999998,0.0,0.0,0.0,7.275957614183426e-12,0.0,0.0
VRE120_base_dur2h,1,29464.531872399966,8588.03907536345,0.7085295937313688,8588.039075363442,8588.039075363438,8588.039075363438,1.0913936421275139e-11,3.637978807091713e-12,0.0
VRE120_base_dur2h,2,40276.92264119996,10429.820025061508,0.7410472463853863,10434.830031301502,10434.830031301497,10434.830031301497,-5.0100062399887975,5.4569682106375694e-12,0.0
VRE120_base_dur2h,3,35615.93109359997,11674.16411299612,0.672220723857647,11674.164112996128,11674.164112996128,11674.16411299613,-9.094947017729282e-12,-1.8189894035458565e-12,-1.8189894035458565e-12
VRE120_base_dur2h,4,49491.39154559995,19408.935900661498,0.6078320836305712,19408.935900661498,19408.9359006615,19408.9359006615,-3.637978807091713e-12,-3.637978807091713e-12,0.0
VRE120_base_dur2h,5,54383.20719439995,25258.112699894184,0.5355530870107434,25258.112699894187,25258.112699894184,25258.112699894184,0.0,3.637978807091713e-12,0.0
VRE120_base_dur2h,6,39633.035714399964,16705.269653396124,0.5785013852136853,16705.269653396128,16705.26965339612,16705.269653396124,0.0,3.637978807091713e-12,-3.637978807091713e-12
VRE120_base_dur2h,7,36566.712325199966,8765.4151658942,0.7602897660598952,8765.415165894186,8765.415165894186,8765.41516589419,9.094947017729282e-12,-3.637978807091713e-12,-3.637978807091713e-12
VRE120_base_dur2h,8,24945.436746799973,3462.0387580980714,0.8612155484292259,3462.0387580980623,3462.0387580980614,3462.0387580980628,8.640199666842818e-12,-4.547473508864641e-13,-1.3642420526593924e-12
VRE120_base_dur2h,9,13900.730931999982,939.8858388980716,0.9323858692398382,939.8858388980689,939.8858388980689,939.88583889807,1.5916157281026244e-12,-1.1368683772161603e-12,-1.1368683772161603e-12
VRE120_base_dur2h,10,19638.346831999974,1410.3026909307591,0.928186282532055,1410.3026909307582,1410.3026909307564,1410.302690930756,3.183231456205249e-12,2.2737367544323206e-12,4.547473508864641e-13
VRE120_base_dur2h,11,40313.85112839996,11862.600114196124,0.7057438130528974,11862.60011419612,11862.600114196124,11862.600114196124,0.0,-3.637978807091713e-12,0.0
VRE120_base_dur2h,12,19869.128942399977,2066.266494098072,0.8960061862757991,2066.2664940980694,2066.2664940980676,2066.2664940980676,4.547473508864641e-12,1.8189894035458565e-12,0.0
VRE120_base_dur2h,13,23746.44494479997,3720.550160098064,0.8433218038006655,3720.5501600980588,3720.5501600980588,3720.5501600980597,4.547473508864641e-12,-9.094947017729282e-13,-9.094947017729282e-13
VRE120_base_dur2h,14,18393.798245999984,4139.071128898066,0.7749746369106679,4139.071128898065,4139.071128898063,4139.071128898064,1.8189894035458565e-12,9.094947017729282e-13,-9.094947017729282e-13
VRE120_base_dur2h,15,43791.13605639996,21370.1723714615,0.5119977626536523,21546.591648854184,21546.591648854184,21546.591648854184,-176.4192773926843,0.0,0.0
VRE120_base_dur2h,16,23056.623701599965,3105.1921416980585,0.8653232068196273,3105.192141698064,3105.192141698063,3105.192141698064,-5.4569682106375694e-12,0.0,-9.094947017729282e-13
VRE120_base_dur2h,17,14618.263687599972,672.1881752653771,0.9540172355875914,672.1881752653744,672.1881752653753,672.1881752653751,2.0463630789890885e-12,-6.821210263296962e-13,2.2737367544323206e-13
VRE120_base_dur2h,18,34907.47428799997,8898.74399379612,0.7450762572972742,8898.74399379612,8898.74399379612,8898.743993796123,-1.8189894035458565e-12,-1.8189894035458565e-12,-1.8189894035458565e-12
VRE120_base_dur2h,19,27280.860125999963,3846.641283763427,0.8589985335507294,3846.64128376343,3846.641283763436,3846.6412837634352,-8.185452315956354e-12,-5.4569682106375694e-12,9.094947017729282e-13
VRE120_base_dur2h,20,30448.88220039996,3520.1292925634407,0.8843921668652519,3520.129292563438,3520.1292925634434,3520.129292563443,-2.2737367544323206e-12,-5.002220859751105e-12,4.547473508864641e-13
VRE120_base_dur2h_ls1p225,1,48865.73282532512,16109.422835919271,0.670332932619596,16109.422835919268,16109.422835919264,16109.422835919266,5.4569682106375694e-12,1.8189894035458565e-12,-1.8189894035458565e-12
VRE120_base_dur2h_ls1p225,2,66332.49625617515,22280.45188472503,0.6641095519957783,22280.451884725044,22280.451884725037,22280.451884725037,-7.275957614183426e-12,7.275957614183426e-12,0.0
VRE120_base_dur2h_ls1p225,3,58026.24306327514,20383.870141811574,0.6487129087508934,20383.870141811574,20383.870141811567,20383.87014181157,3.637978807091713e-12,3.637978807091713e-12,-3.637978807091713e-12
VRE120_base_dur2h_ls1p225,4,75443.41786650015,33156.81081311543,0.5605075730822853,33156.810813115444,33156.810813115444,33156.810813115444,-1.4551915228366852e-11,0.0,0.0
VRE120_base_dur2h_ls1p225,5,81228.91549487515,40369.63383910774,0.5030139994709801,40369.63383910776,40369.63383910775,40369.63383910776,-2.1827872842550278e-11,0.0,-7.275957614183426e-12
VRE120_base_dur2h_ls1p225,6,60665.02679730013,26487.670907542357,0.5633782377440377,26487.670907542357,26487.670907542353,26487.670907542357,0.0,0.0,-3.637978807091713e-12
VRE120_base_dur2h_ls1p225,7,57487.99752202512,21628.89315036543,0.6237668020689214,21628.893150365435,21628.89315036543,21628.89315036543,0.0,3.637978807091713e-12,0.0
VRE120_base_dur2h_ls1p225,8,44595.80222045012,10770.844616201946,0.7584785096373308,10770.844616201946,10770.84461620195,10770.84461620195,-3.637978807091713e-12,-3.637978807091713e-12,0.0
VRE120_base_dur2h_ls1p225,9,27991.0437389001,4632.222122346189,0.8345105611082079,4632.22212234618,4632.222122346177,4632.222122346177,1.2732925824820995e-11,3.637978807091713e-12,0.0
VRE120_base_dur2h_ls1p225,10,36683.77278642511,7262.34688989427,0.8020283537307887,7262.346889894264,7262.346889894263,7262.346889894265,5.4569682106375694e-12,-9.094947017729282e-13,-1.8189894035458565e-12
VRE120_base_dur2h_ls1p225,11,64053.38539745014,24517.16634954043,0.6172385550363679,24517.16634954044,24517.166349540435,24517.166349540435,-7.275957614183426e-12,3.637978807091713e-12,0.0
VRE120_base_dur2h_ls1p225,12,36080.9523602501,7117.678353103867,0.8027303081682146,7117.67835310387,7117.678353103866,7117.678353103866,9.094947017729282e-13,3.637978807091713e-12,0.0
VRE120_base_dur2h_ls1p225,13,43639.12524987513,11370.53177214427,0.7394418034954354,11370.53177214427,11370.531772144266,11370.531772144268,1.8189894035458565e-12,1.8189894035458565e-12,-1.8189894035458565e-12
VRE120_base_dur2h_ls1p225,14,32853.39313065009,8765.827011213485,0.7331835108673893,8765.827011213487,8765.827011213481,8765.827011213481,3.637978807091713e-12,5.4569682106375694e-12,0.0
VRE120_base_dur2h_ls1p225,15,64687.892558075124,33637.05571022697,0.4800100238227967,33637.05571022696,33637.05571022696,33637.05571022696,7.275957614183426e-12,0.0,0.0
VRE120_base_dur2h_ls1p225,16,42502.05097517513,8405.778491146193,0.8022265208788184,8405.778491146182,8405.778491146175,8405.778491146177,1.6370904631912708e-11,5.4569682106375694e-12,-1.8189894035458565e-12
VRE120_base_dur2h_ls1p225,17,30146.54750185011,4639.650704028878,0.8460967809416936,4639.650704028873,4639.650704028868,4639.650704028866,1.1823431123048067e-11,7.275957614183426e-12,1.8189894035458565e-12
VRE120_base_dur2h_ls1p225,18,55811.918137600136,18409.820168957755,0.6701453599288648,18409.820168957755,18409.82016895774,18409.820168957747,7.275957614183426e-12,7.275957614183426e-12,-7.275957614183426e-12
VRE120_base_dur2h_ls1p225,19,47044.61566422512,13190.333998167356,0.7196207512393838,13190.333998167342,13190.333998167342,13190.333998167343,1.2732925824820995e-11,-1.8189894035458565e-12,-1.8189894035458565e-12
VRE120_base_dur2h_ls1p225,20,52504.90177057514,12034.387844934652,0.7707949650583105,12034.387844934652,12034.387844934652,12034.387844934652,0.0,0.0,0.0
VRE120_base_dur4h,1,29464.531872399966,1779.4778133961372,0.93960610604294,1779.4778133961363,1779.4778133961336,1779.4778133961331,4.092726157978177e-12,3.183231456205249e-12,4.547473508864641e-13
VRE120_base_dur4h,2,40276.92264119996,2522.274648130762,0.9373766791817734,2522.2746481307568,2522.274648130755,2522.2746481307545,7.73070496506989e-12,2.2737367544323206e-12,4.547473508864641e-13
VRE120_base_dur4h,3,35615.93109359997,2519.0376033961365,0.9292721676494708,2519.0376033961284,2519.037603396134,2519.0376033961334,3.183231456205249e-12,-5.002220859751105e-12,4.547473508864641e-13
VRE120_base_dur4h,4,49491.39154559995,7004.091136661504,0.8584785976323148,7004.091136661507,7004.091136661509,7004.091136661509,-5.4569682106375694e-12,-1.8189894035458565e-12,0.0
VRE120_base_dur4h,5,54383.20719439995,9712.357466792258,0.8214088876355865,9712.357466792266,9712.357466792264,9712.357466792264,-5.4569682106375694e-12,1.8189894035458565e-12,0.0
VRE120_base_dur4h,6,39633.035714399964,8239.837850261509,0.7920967268407424,8239.837850261514,8239.837850261509,8239.83785026151,-1.8189894035458565e-12,3.637978807091713e-12,-1.8189894035458565e-12
VRE120_base_dur4h,7,36566.712325199966,676.5770517961282,0.981497460155042,676.5770517961282,676.57705179613,676.5770517961292,-1.0231815394945443e-12,-1.0231815394945443e-12,7.958078640513122e-13
VRE120_base_dur4h,8,24945.436746799973,3.637978807091713e-12,0.9999999999999999,0.0,0.0,0.0,3.637978807091713e-12,0.0,0.0
VRE120_base_dur4h,9,13900.730931999982,0.0,1.0000000000000002,0.0,0.0,0.0,0.0,0.0,0.0
VRE120_base_dur4h,10,19638.346831999974,0.0,1.0000000000000004,0.0,0.0,0.0,0.0,0.0,0.0
VRE120_base_dur4h,11,40313.85112839996,3237.7367637307543,0.9196867410801678,3237.7367637307552,3237.7367637307543,3237.736763730755,-4.547473508864641e-13,4.547473508864641e-13,-4.547473508864641e-13
VRE120_base_dur4h,12,19869.128942399977,0.0,1.0,0.0,0.0,0.0,0.0,0.0,0.0
VRE120_base_dur4h,13,23746.44494479997,0.0,1.0,0.0,0.0,0.0,0.0,0.0,0.0
VRE120_base_dur4h,14,18393.798245999984,839.7710056653741,0.9543448832897797,839.7710056653759,839.771005665375,839.7710056653752,-1.1368683772161603e-12,6.821210263296962e-13,-2.2737367544323206e-13
VRE120_base_dur4h,15,43791.13605639996,9853.506778661504,0.77498855553848,9853.506778661507,9853.506778661507,9853.506778661507,-3.637978807091713e-12,0.0,0.0
VRE120_base_dur4h,16,23056.623701599965,102.97820926537315,0.9955336821818267,102.97820926537406,102.97820926537497,102.97820926537509,-1.9326762412674725e-12,-1.0231815394945443e-12,-1.1368683772161603e-13
VRE120_base_dur4h,17,14618.263687599972,1.8189894035458565e-12,0.9999999999999999,0.0,0.0,0.0,1.8189894035458565e-12,0.0,0.0
VRE120_base_dur4h,18,34907.47428799997,3095.745364930739,0.9113156873112715,3095.745364930747,3095.745364930748,3095.745364930748,-9.094947017729282e-12,-9.094947017729282e-13,0.0
VRE120_base_dur4h,19,27280.860125999963,0.0,1.0000000000000002,0.0,0.0,0.0,0.0,0.0,0.0
VRE120_base_dur4h,20,30448.88220039996,7.275957614183426e-12,0.9999999999999998,0.0,0.0,0.0,7.275957614183426e-12,0.0,0.0
VRE120_base_dur8h,1,29464.531872399966,113.91124999999738,0.9961339535108412,113.91124999999829,113.91124999999829,113.91124999999829,-9.094947017729282e-13,0.0,0.0
VRE120_base_dur8h,2,40276.92264119996,64.4009068000014,0.9984010469872858,64.40090679999958,64.40090679999958,64.40090679999958,1.8189894035458565e-12,0.0,0.0
VRE120_base_dur8h,3,35615.93109359997,93.79773160000332,0.9973664107965197,93.79773159999968,93.79773159999968,93.79773159999968,3.637978807091713e-12,0.0,0.0
VRE120_base_dur8h,4,49491.39154559995,1059.614011999991,0.9785899329376566,1059.614011999999,1059.614011999999,1059.614011999999,-8.185452315956354e-12,0.0,0.0
VRE120_base_dur8h,5,54383.20719439995,1404.8676487999837,0.9741672527003032,1404.8676487999937,1404.8676487999937,1404.8676487999937,-1.000444171950221e-11,0.0,0.0
VRE120_base_dur8h,6,39633.035714399964,1720.1353115999955,0.9565984467100759,1720.1353115999955,1720.1353115999946,1720.1353115999946,9.094947017729282e-13,9.094947017729282e-13,0.0
VRE120_base_dur8h,7,36566.712325199966,7.275957614183426e-12,0.9999999999999998,0.0,0.0,0.0,7.275957614183426e-12,0.0,0.0
VRE120_base_dur8h,8,24945.436746799973,3.637978807091713e-12,0.9999999999999999,0.0,0.0,0.0,3.637978807091713e-12,0.0,0.0
VRE120_base_dur8h,9,13900.730931999982,0.0,1.0000000000000002,0.0,0.0,0.0,0.0,0.0,0.0
VRE120_base_dur8h,10,19638.346831999974,0.0,1.0000000000000004,0.0,0.0,0.0,0.0,0.0,0.0
VRE120_base_dur8h,11,40313.85112839996,126.23800479999773,0.9968686195620972,126.23800479999954,126.23800479999954,126.23800479999954,-1.8189894035458565e-12,0.0,0.0
VRE120_base_dur8h,12,19869.128942399977,0.0,1.0,0.0,0.0,0.0,0.0,0.0,0.0
VRE120_base_dur8h,13,23746.44494479997,0.0,1.0,0.0,0.0,0.0,0.0,0.0,0.0
VRE120_base_dur8h,14,18393.798245999984,0.0,1.0,0.0,0.0,0.0,0.0,0.0,0.0
VRE120_base_dur8h,15,43791.13605639996,1964.9060367999991,0.9551300511073899,1964.9060367999973,1964.9060367999982,1964.9060367999982,9.094947017729282e-13,-9.094947017729282e-13,0.0
VRE120_base_dur8h,16,23056.623701599965,63.42909079999299,0.9972489861646312,63.42909079999845,63.42909079999845,63.42909079999845,-5.4569682106375694e-12,0.0,0.0
VRE120_base_dur8h,17,14618.263687599972,1.8189894035458565e-12,0.9999999999999999,0.0,0.0,0.0,1.8189894035458565e-12,0.0,0.0
VRE120_base_dur8h,18,34907.47428799997,574.2569795999952,0.9835491684427766,574.2569795999971,574.2569795999971,574.2569795999971,-1.8189894035458565e-12,0.0,0.0
VRE120_base_dur8h,19,27280.860125999963,0.0,1.0000000000000002,0.0,0.0,0.0,0.0,0.0,0.0
VRE120_base_dur8h,20,30448.88220039996,7.275957614183426e-12,0.9999999999999998,0.0,0.0,0.0,7.275957614183426e-12,0.0,0.0
VRE120_base_ls1p225,1,48865.73282532512,6177.760721411549,0.8735768325936193,6177.760721411551,6177.760721411547,6177.760721411545,3.637978807091713e-12,5.4569682106375694e-12,1.8189894035458565e-12
VRE120_base_ls1p225,2,66332.49625617515,6787.353397401937,0.8976767982439666,6787.353397401935,6787.353397401932,6787.353397401933,4.547473508864641e-12,1.8189894035458565e-12,-9.094947017729282e-13
VRE120_base_ls1p225,3,58026.24306327514,8398.333665151935,0.8552666307209669,8398.333665151935,8398.333665151938,8398.333665151937,-1.8189894035458565e-12,-1.8189894035458565e-12,1.8189894035458565e-12
VRE120_base_ls1p225,4,75443.41786650015,15772.071776082696,0.7909417120524425,15772.07177608271,15772.07177608271,15772.07177608271,-1.4551915228366852e-11,0.0,0.0
VRE120_base_ls1p225,5,81228.91549487515,21530.431535138494,0.7349412902539998,21530.431535138483,21530.431535138483,21530.431535138483,1.0913936421275139e-11,0.0,0.0
VRE120_base_ls1p225,6,60665.02679730013,14385.441439051952,0.7628709291249803,14385.441439051945,14385.441439051941,14385.441439051941,1.0913936421275139e-11,3.637978807091713e-12,0.0
VRE120_base_ls1p225,7,57487.99752202512,5531.515358336539,0.9037796479827416,5531.515358336546,5531.515358336544,5531.515358336543,-3.637978807091713e-12,3.637978807091713e-12,9.094947017729282e-13
VRE120_base_ls1p225,8,44595.80222045012,1752.1757332211564,0.960709850569351,1752.1757332211582,1752.1757332211564,1752.175733221156,4.547473508864641e-13,2.2737367544323206e-12,4.547473508864641e-13
VRE120_base_ls1p225,9,27991.0437389001,7.275957614183426e-12,0.9999999999999998,0.0,0.0,0.0,7.275957614183426e-12,0.0,0.0
VRE120_base_ls1p225,10,36683.77278642511,173.19376339999872,0.9952787363391344,173.19376340000235,173.19376340000235,173.19376340000235,-3.637978807091713e-12,0.0,0.0
VRE120_base_ls1p225,11,64053.38539745014,9579.755905901933,0.8504410680800131,9579.755905901933,9579.755905901933,9579.755905901933,0.0,0.0,0.0
VRE120_base_ls1p225,12,36080.9523602501,454.6291873403752,0.9873997453614547,454.62918734038794,454.6291873403861,454.6291873403866,-1.1368683772161603e-11,1.3642420526593924e-12,-4.547473508864641e-13
VRE120_base_ls1p225,13,43639.12524987513,2018.3035245461433,0.9537501379097437,2018.3035245461533,2018.3035245461542,2018.3035245461551,-1.1823431123048067e-11,-1.8189894035458565e-12,-9.094947017729282e-13
VRE120_base_ls1p225,14,32853.39313065009,2731.4583321057726,0.9168591712507924,2731.4583321057717,2731.4583321057708,2731.4583321057708,1.8189894035458565e-12,9.094947017729282e-13,0.0
VRE120_base_ls1p225,15,64687.892558075124,17734.969204882713,0.7258378886132252,17734.969204882713,17734.96920488271,17734.96920488271,3.637978807091713e-12,3.637978807091713e-12,0.0
VRE120_base_ls1p225,16,42502.05097517513,1410.8032287903916,0.966806231783628,1410.8032287903834,1410.8032287903852,1410.803228790385,6.59383658785373e-12,-1.5916157281026244e-12,2.2737367544323206e-13
VRE120_base_ls1p225,17,30146.54750185011,0.0,1.0,0.0,0.0,0.0,0.0,0.0,0.0
VRE120_base_ls1p225,18,55811.918137600136,6348.3674713961445,0.8862542682058567,6348.367471396162,6348.367471396162,6348.367471396161,-1.6370904631912708e-11,9.094947017729282e-13,9.094947017729282e-13
VRE120_base_ls1p225,19,47044.61566422512,1337.2011048711502,0.9715758947970741,1337.201104871153,1337.2011048711547,1337.201104871154,-3.865352482534945e-12,-1.1368683772161603e-12,6.821210263296962e-13
VRE120_base_ls1p225,20,52504.90177057514,1584.2311320557783,0.9698269860787814,1584.231132055772,1584.2311320557737,1584.2311320557728,5.4569682106375694e-12,-9.094947017729282e-13,9.094947017729282e-13
VRE120_base_ls1p25,1,76015.10958125004,12579.896879076929,0.8345079425869841,12579.896879076918,12579.896879076914,12579.896879076914,1.4551915228366852e-11,3.637978807091713e-12,0.0
VRE120_base_ls1p25,2,102324.46107250004,16150.160851088425,0.8421671545414195,16150.160851088436,16150.160851088433,16150.160851088429,-3.637978807091713e-12,7.275957614183426e-12,3.637978807091713e-12
VRE120_base_ls1p25,3,90750.95838375004,16752.729985707672,0.815398864275714,16752.729985707687,16752.729985707683,16752.729985707687,-1.4551915228366852e-11,0.0,-3.637978807091713e-12
VRE120_base_ls1p25,4,110479.26081375004,27414.528788588446,0.751858144355212,27414.528788588435,27414.528788588435,27414.528788588435,1.0913936421275139e-11,0.0,0.0
VRE120_base_ls1p25,5,115170.95285125004,35460.716887338436,0.692103642372934,35460.71688733844,35460.71688733844,35460.71688733844,-7.275957614183426e-12,0.0,0.0
VRE120_base_ls1p25,6,90378.40647250004,21865.56087657693,0.7580665367979231,21865.560876576918,21865.560876576914,21865.560876576914,1.4551915228366852e-11,3.637978807091713e-12,0.0
VRE120_base_ls1p25,7,85903.84156625005,15039.832114403835,0.8249224733121517,15039.832114403824,15039.83211440382,15039.83211440382,1.4551915228366852e-11,3.637978807091713e-12,0.0
VRE120_base_ls1p25,8,72393.15202750005,6277.411622011539,0.9132872178348177,6277.4116220115275,6277.411622011523,6277.411622011523,1.6370904631912708e-11,4.547473508864641e-12,0.0
VRE120_base_ls1p25,9,50026.35403750004,1854.2870799461525,0.9629337952840583,1854.2870799461498,1854.287079946147,1854.2870799461473,5.229594535194337e-12,2.5011104298755527e-12,-2.2737367544323206e-13
VRE120_base_ls1p25,10,61595.43942625004,3038.5296678269224,0.9506695674853487,3038.529667826915,3038.5296678269124,3038.5296678269124,1.000444171950221e-11,2.7284841053187847e-12,0.0
VRE120_base_ls1p25,11,95594.07879250005,17928.88829440385,0.812447710978826,17928.88829440382,17928.88829440382,17928.888294403823,2.546585164964199e-11,-3.637978807091713e-12,-3.637978807091713e-12
VRE120_base_ls1p25,12,59817.58043625005,3526.1027595115593,0.9410524007524934,3526.102759511531,3526.10275951153,3526.1027595115297,2.955857780762017e-11,1.3642420526593924e-12,4.547473508864641e-13
VRE120_base_ls1p25,13,72794.60971625005,6758.997118642306,0.9071497581347223,6758.997118642292,6758.997118642288,6758.997118642288,1.8189894035458565e-11,3.637978807091713e-12,0.0
VRE120_base_ls1p25,14,54601.24963500004,6424.444941196147,0.8823388661588799,6424.444941196145,6424.4449411961505,6424.4449411961505,-3.637978807091713e-12,-5.4569682106375694e-12,0.0
VRE120_base_ls1p25,15,92351.38863000004,29998.464378588447,0.6751704027020602,29998.46437858844,29998.46437858844,29998.46437858844,7.275957614183426e-12,0.0,0.0
VRE120_base_ls1p25,16,68196.21049250005,4657.042967826914,0.9317111180490142,4657.042967826908,4657.042967826906,4657.042967826906,8.185452315956354e-12,2.7284841053187847e-12,0.0
VRE120_base_ls1p25,17,52505.46300250004,2206.043936196147,0.9579844875172112,2206.04393619615,2206.04393619615,2206.043936196149,-1.8189894035458565e-12,9.094947017729282e-13,9.094947017729282e-13
VRE120_base_ls1p25,18,84386.49909500005,13192.294199457683,0.8436681893319671,13192.294199457676,13192.294199457676,13192.294199457674,9.094947017729282e-12,1.8189894035458565e-12,1.8189894035458565e-12
VRE120_base_ls1p25,19,76483.71433875005,7778.947384457686,0.8982927613844125,7778.947384457674,7778.947384457677,7778.947384457675,1.0913936421275139e-11,-9.094947017729282e-13,1.8189894035458565e-12
VRE120_base_ls1p25,20,84745.95446375007,6689.7115869576955,0.9210615818856673,6689.7115869576755,6689.7115869576755,6689.7115869576755,2.000888343900442e-11,0.0,0.0
VRE120_base_pwr0p5x,1,29464.531872399966,8654.731640563448,0.7062661073984171,8654.731640563445,8654.731640563437,8654.731640563437,1.0913936421275139e-11,7.275957614183426e-12,0.0
VRE120_base_pwr0p5x,2,40276.92264119996,10792.750149028823,0.7320363761359282,10792.750149028812,10792.750149028805,10792.750149028809,1.4551915228366852e-11,3.637978807091713e-12,-3.637978807091713e-12
VRE120_base_pwr0p5x,3,35615.93109359997,11968.210871796127,0.663964678044125,11968.210871796124,11968.210871796127,11968.210871796127,0.0,-3.637978807091713e-12,0.0
VRE120_base_pwr0p5x,4,49491.39154559995,19618.4940798615,0.6035978486928261,19618.4940798615,19618.494079861503,19618.494079861503,-3.637978807091713e-12,-3.637978807091713e-12,0.0
VRE120_base_pwr0p5x,5,54383.20719439995,25513.814547494185,0.5308512339794215,25513.81454749418,25513.814547494178,25513.81454749418,3.637978807091713e-12,0.0,-3.637978807091713e-12
VRE120_base_pwr0p5x,6,39633.035714399964,17025.84972256343,0.5704126768069551,17025.849722563442,17025.849722563435,17025.849722563435,-3.637978807091713e-12,7.275957614183426e-12,0.0
VRE120_base_pwr0p5x,7,36566.712325199966,9368.12051176343,0.7438074161972886,9368.12051176343,9368.120511763424,9368.120511763427,3.637978807091713e-12,3.637978807091713e-12,-3.637978807091713e-12
VRE120_base_pwr0p5x,8,24945.436746799973,4148.144227698063,0.8337113007961189,4148.144227698061,4148.144227698058,4148.144227698058,5.4569682106375694e-12,2.7284841053187847e-12,0.0
VRE120_base_pwr0p5x,9,13900.730931999982,1035.6534300653784,0.9254964767585518,1035.6534300653775,1035.6534300653784,1035.6534300653784,0.0,-9.094947017729282e-13,0.0
VRE120_base_pwr0p5x,10,19638.346831999974,1729.1672776980704,0.9119494480624787,1729.1672776980722,1729.1672776980677,1729.1672776980681,2.2737367544323206e-12,4.092726157978177e-12,-4.547473508864641e-13
VRE120_base_pwr0p5x,11,40313.85112839996,12146.437944163437,0.6987031106138452,12146.437944163426,12146.437944163432,12146.43794416343,7.275957614183426e-12,-3.637978807091713e-12,1.8189894035458565e-12
VRE120_base_pwr0p5x,12,19869.128942399977,2197.767937698067,0.8893878063769514,2197.7679376980695,2197.767937698066,2197.767937698066,9.094947017729282e-13,3.637978807091713e-12,0.0
VRE120_base_pwr0p5x,13,23746.44494479997,4214.2046828980565,0.822533238440776,4214.204682898057,4214.204682898057,4214.204682898058,-1.8189894035458565e-12,-9.094947017729282e-13,-9.094947017729282e-13
VRE120_base_pwr0p5x,14,18393.798245999984,4216.937878865376,0.7707413214786992,4216.937878865374,4216.937878865373,4216.937878865374,1.8189894035458565e-12,0.0,-9.094947017729282e-13
VRE120_base_pwr0p5x,15,43791.13605639996,21395.792396261495,0.5114127121820912,21546.591648854184,21546.591648854184,21546.591648854188,-150.79925259269294,-3.637978807091713e-12,-3.637978807091713e-12
VRE120_base_pwr0p5x,16,23056.623701599965,3168.235580498058,0.8625889192840405,3168.2355804980625,3168.2355804980625,3168.2355804980634,-5.4569682106375694e-12,-9.094947017729282e-13,-9.094947017729282e-13
VRE120_base_pwr0p5x,17,14618.263687599972,731.2244152653784,0.9499787094492184,731.2244152653766,731.2244152653748,731.2244152653745,3.865352482534945e-12,2.0463630789890885e-12,2.2737367544323206e-13
VRE120_base_pwr0p5x,18,34907.47428799997,9189.991302596118,0.7367328490518911,9189.99130259612,9189.991302596118,9189.99130259612,-1.8189894035458565e-12,0.0,-1.8189894035458565e-12
VRE120_base_pwr0p5x,19,27280.860125999963,3994.579851363429,0.8535757365085274,3994.57985136343,3994.5798513634318,3994.5798513634336,-4.547473508864641e-12,-3.637978807091713e-12,-1.8189894035458565e-12
VRE120_base_pwr0p5x,20,30448.88220039996,4141.924618898061,0.8639712094638516,4141.924618898059,4141.9246188980605,4141.924618898061,0.0,-2.7284841053187847e-12,-9.094947017729282e-13
VRE120_base_pwr0p5x_ls1p225,1,48865.73282532512,16585.472076361584,0.660590947532746,16585.472076361584,16585.472076361573,16585.472076361577,7.275957614183426e-12,7.275957614183426e-12,-3.637978807091713e-12
VRE120_base_pwr0p5x_ls1p225,2,66332.49625617515,22563.570524117335,0.6598413779427635,22563.57052411735,22563.570524117356,22563.570524117353,-1.8189894035458565e-11,-3.637978807091713e-12,3.637978807091713e-12
VRE120_base_pwr0p5x_ls1p225,3,58026.24306327514,21358.47670033657,0.6319169470088549,21358.476700336574,21358.476700336578,21358.476700336578,-7.275957614183426e-12,-3.637978807091713e-12,0.0
VRE120_base_pwr0p5x_ls1p225,4,75443.41786650015,33548.465522525046,0.5553162029073196,33548.46552252506,33548.46552252506,33548.46552252506,-1.4551915228366852e-11,0.0,0.0
VRE120_base_pwr0p5x_ls1p225,5,81228.91549487515,40759.32800819235,0.4982165185898128,40759.32800819236,40759.32800819236,40759.32800819237,-2.1827872842550278e-11,-1.4551915228366852e-11,-1.4551915228366852e-11
VRE120_base_pwr0p5x_ls1p225,6,60665.02679730013,26885.608104576982,0.5568186560864832,26885.608104576975,26885.608104576968,26885.608104576975,7.275957614183426e-12,0.0,-7.275957614183426e-12
VRE120_base_pwr0p5x_ls1p225,7,57487.99752202512,22033.555086100052,0.6167277338602996,22033.555086100045,22033.55508610005,22033.55508610005,3.637978807091713e-12,-3.637978807091713e-12,0.0
VRE120_base_pwr0p5x_ls1p225,8,44595.80222045012,11306.236832986564,0.7464730698845483,11306.236832986566,11306.236832986566,11306.236832986566,-1.8189894035458565e-12,0.0,0.0
VRE120_base_pwr0p5x_ls1p225,9,27991.0437389001,4850.6918844135,0.8267055730518427,4850.691884413489,4850.691884413487,4850.691884413487,1.2732925824820995e-11,1.8189894035458565e-12,0.0
VRE120_base_pwr0p5x_ls1p225,10,36683.77278642511,7565.795332803889,0.7937563462500884,7565.795332803881,7565.795332803883,7565.795332803883,6.366462912410498e-12,-1.8189894035458565e-12,0.0
VRE120_base_pwr0p5x_ls1p225,11,64053.38539745014,24846.45997502504,0.6120976304241659,24846.45997502504,24846.45997502504,24846.45997502505,-7.275957614183426e-12,-7.275957614183426e-12,-7.275957614183426e-12
VRE120_base_pwr0p5x_ls1p225,12,36080.9523602501,7729.2959389807875,0.785779048684534,7729.295938980797,7729.295938980793,7729.295938980793,-5.4569682106375694e-12,3.637978807091713e-12,0.0
VRE120_base_pwr0p5x_ls1p225,13,43639.12524987513,11622.856441636584,0.7336597290829096,11622.856441636573,11622.856441636575,11622.856441636575,9.094947017729282e-12,-1.8189894035458565e-12,0.0
VRE120_base_pwr0p5x_ls1p225,14,32853.39313065009,9008.140829038493,0.7258079007786115,9008.140829038492,9008.140829038486,9008.140829038486,7.275957614183426e-12,5.4569682106375694e-12,0.0
VRE120_base_pwr0p5x_ls1p225,15,64687.892558075124,33942.585749594284,0.4752868827946203,33942.58574959428,33942.58574959427,33942.58574959427,1.4551915228366852e-11,7.275957614183426e-12,0.0
VRE120_base_pwr0p5x_ls1p225,16,42502.05097517513,9081.725242346183,0.7863226589311961,9081.72524234618,9081.725242346178,9081.725242346178,5.4569682106375694e-12,1.8189894035458565e-12,0.0
VRE120_base_pwr0p5x_ls1p225,17,30146.54750185011,4932.268810546186,0.8363902596062289,4932.268810546185,4932.268810546178,4932.268810546179,6.366462912410498e-12,5.4569682106375694e-12,-9.094947017729282e-13
VRE120_base_pwr0p5x_ls1p225,18,55811.918137600136,19680.929322219294,0.6473704904085642,19680.929322219286,19680.929322219283,19680.929322219283,1.0913936421275139e-11,3.637978807091713e-12,0.0
VRE120_base_pwr0p5x_ls1p225,19,47044.61566422512,13416.302916284665,0.7148174615339236,13416.302916284652,13416.302916284656,13416.302916284656,9.094947017729282e-12,-3.637978807091713e-12,0.0
VRE120_base_pwr0p5x_ls1p225,20,52504.90177057514,12965.992731011589,0.7530517667156553,12965.992731011582,12965.992731011582,12965.992731011582,7.275957614183426e-12,0.0,0.0
VRE120_base_pwr1p0x,1,29464.531872399966,1779.4778133961372,0.93960610604294,1779.4778133961363,1779.4778133961336,1779.4778133961331,4.092726157978177e-12,3.183231456205249e-12,4.547473508864641e-13
VRE120_base_pwr1p0x,2,40276.92264119996,2522.274648130762,0.9373766791817734,2522.2746481307568,2522.274648130755,2522.2746481307545,7.73070496506989e-12,2.2737367544323206e-12,4.547473508864641e-13
VRE120_base_pwr1p0x,3,35615.93109359997,2519.0376033961365,0.9292721676494708,2519.0376033961284,2519.037603396134,2519.0376033961334,3.183231456205249e-12,-5.002220859751105e-12,4.547473508864641e-13
VRE120_base_pwr1p0x,4,49491.39154559995,7004.091136661504,0.8584785976323148,7004.091136661507,7004.091136661509,7004.091136661509,-5.4569682106375694e-12,-1.8189894035458565e-12,0.0
VRE120_base_pwr1p0x,5,54383.20719439995,9712.357466792258,0.8214088876355865,9712.357466792266,9712.357466792264,9712.357466792264,-5.4569682106375694e-12,1.8189894035458565e-12,0.0
VRE120_base_pwr1p0x,6,39633.035714399964,8239.837850261509,0.7920967268407424,8239.837850261514,8239.837850261509,8239.83785026151,-1.8189894035458565e-12,3.637978807091713e-12,-1.8189894035458565e-12
VRE120_base_pwr1p0x,7,36566.712325199966,676.5770517961282,0.981497460155042,676.5770517961282,676.57705179613,676.5770517961292,-1.0231815394945443e-12,-1.0231815394945443e-12,7.958078640513122e-13
VRE120_base_pwr1p0x,8,24945.436746799973,3.637978807091713e-12,0.9999999999999999,0.0,0.0,0.0,3.637978807091713e-12,0.0,0.0
VRE120_base_pwr1p0x,9,13900.730931999982,0.0,1.0000000000000002,0.0,0.0,0.0,0.0,0.0,0.0
VRE120_base_pwr1p0x,10,19638.346831999974,0.0,1.0000000000000004,0.0,0.0,0.0,0.0,0.0,0.0
VRE120_base_pwr1p0x,11,40313.85112839996,3237.7367637307543,0.9196867410801678,3237.7367637307552,3237.7367637307543,3237.736763730755,-4.547473508864641e-13,4.547473508864641e-13,-4.547473508864641e-13
VRE120_base_pwr1p0x,12,19869.128942399977,0.0,1.0,0.0,0.0,0.0,0.0,0.0,0.0
VRE120_base_pwr1p0x,13,23746.44494479997,0.0,1.0,0.0,0.0,0.0,0.0,0.0,0.0
VRE120_base_pwr1p0x,14,18393.798245999984,839.7710056653741,0.9543448832897797,839.7710056653759,839.771005665375,839.7710056653752,-1.1368683772161603e-12,6.821210263296962e-13,-2.2737367544323206e-13
VRE120_base_pwr1p0x,15,43791.13605639996,9853.506778661504,0.77498855553848,9853.506778661507,9853.506778661507,9853.506778661507,-3.637978807091713e-12,0.0,0.0
VRE120_base_pwr1p0x,16,23056.623701599965,102.97820926537315,0.9955336821818267,102.97820926537406,102.97820926537497,102.97820926537509,-1.9326762412674725e-12,-1.0231815394945443e-12,-1.1368683772161603e-13
VRE120_base_pwr1p0x,17,14618.263687599972,1.8189894035458565e-12,0.9999999999999999,0.0,0.0,0.0,1.8189894035458565e-12,0.0,0.0
VRE120_base_pwr1p0x,18,34907.47428799997,3095.745364930739,0.9113156873112715,3095.745364930747,3095.745364930748,3095.745364930748,-9.094947017729282e-12,-9.094947017729282e-13,0.0
VRE120_base_pwr1p0x,19,27280.860125999963,0.0,1.0000000000000002,0.0,0.0,0.0,0.0,0.0,0.0
VRE120_base_pwr1p0x,20,30448.88220039996,7.275957614183426e-12,0.9999999999999998,0.0,0.0,0.0,7.275957614183426e-12,0.0,0.0
VRE120_base_pwr2p0x,1,29464.531872399966,3.637978807091713e-12,0.9999999999999999,0.0,0.0,0.0,3.637978807091713e-12,0.0,0.0
VRE120_base_pwr2p0x,2,40276.92264119996,0.0,1.0,0.0,0.0,0.0,0.0,0.0,0.0
VRE120_base_pwr2p0x,3,35615.93109359997,7.275957614183426e-12,0.9999999999999998,0.0,0.0,0.0,7.275957614183426e-12,0.0,0.0
VRE120_base_pwr2p0x,4,49491.39154559995,0.0,1.0,0.0,0.0,0.0,0.0,0.0,0.0
VRE120_base_pwr2p0x,5,54383.20719439995,0.0,1.0000000000000002,0.0,0.0,0.0,0.0,0.0,0.0
VRE120_base_pwr2p0x,6,39633.035714399964,0.0,1.0000000000000002,0.0,0.0,0.0,0.0,0.0,0.0
VRE120_base_pwr2p0x,7,36566.712325199966,7.275957614183426e-12,0.9999999999999998,0.0,0.0,0.0,7.275957614183426e-12,0.0,0.0
VRE120_base_pwr2p0x,8,24945.436746799973,3.637978807091713e-12,0.9999999999999999,0.0,0.0,0.0,3.637978807091713e-12,0.0,0.0
VRE120_base_pwr2p0x,9,13900.730931999982,0.0,1.0000000000000002,0.0,0.0,0.0,0.0,0.0,0.0
VRE120_base_pwr2p0x,10,19638.346831999974,0.0,1.0000000000000004,0.0,0.0,0.0,0.0,0.0,0.0
VRE120_base_pwr2p0x,11,40313.85112839996,7.275957614183426e-12,0.9999999999999998,0.0,0.0,0.0,7.275957614183426e-12,0.0,0.0
VRE120_base_pwr2p0x,12,19869.128942399977,0.0,1.0,0.0,0.0,0.0,0.0,0.0,0.0
VRE120_base_pwr2p0x,13,23746.44494479997,0.0,1.0,0.0,0.0,0.0,0.0,0.0,0.0
VRE120_base_pwr2p0x,14,18393.798245999984,0.0,1.0,0.0,0.0,0.0,0.0,0.0,0.0
VRE120_base_pwr2p0x,15,43791.13605639996,841.7958225307593,0.9807770270803986,841.7958225307566,841.7958225307566,841.7958225307566,2.7284841053187847e-12,0.0,0.0
VRE120_base_pwr2p0x,16,23056.623701599965,0.0,1.0000000000000002,0.0,0.0,0.0,0.0,0.0,0.0
VRE120_base_pwr2p0x,17,14618.263687599972,1.8189894035458565e-12,0.9999999999999999,0.0,0.0,0.0,1.8189894035458565e-12,0.0,0.0
VRE120_base_pwr2p0x,18,34907.47428799997,0.0,1.0000000000000002,0.0,0.0,0.0,0.0,0.0,0.0
VRE120_base_pwr2p0x,19,27280.860125999963,0.0,1.0000000000000002,0.0,0.0,0.0,0.0,0.0,0.0
VRE120_base_pwr2p0x,20,30448.88220039996,7.275957614183426e-12,0.9999999999999998,0.0,0.0,0.0,7.275957614183426e-12,0.0,0.0
VRE120_wind_hvy_dur12h,1,14628.051111999986,1.8189894035458565e-12,0.9999999999999999,0.0,0.0,0.0,1.8189894035458565e-12,0.0,0.0
VRE120_wind_hvy_dur12h,2,20296.354095999974,3.637978807091713e-12,0.9999999999999998,0.0,0.0,0.0,3.637978807091713e-12,0.0,0.0
VRE120_wind_hvy_dur12h,3,18790.931141999976,0.0,1.0000000000000002,0.0,0.0,0.0,0.0,0.0,0.0
VRE120_wind_hvy_dur12h,4,23930.226200799963,663.0962136000016,0.9722904326922812,663.0962135999971,663.0962135999971,663.0962135999971,4.547473508864641e-12,0.0,0.0
VRE120_wind_hvy_dur12h,5,28366.462050799964,658.0076767999926,0.9768033223310824,658.0076767999972,658.0076767999972,658.0076767999972,-4.547473508864641e-12,0.0,0.0
VRE120_wind_hvy_dur12h,6,25375.687206399976,705.3139155999961,0.9722051304517141,705.3139155999979,705.3139155999979,705.3139155999979,-1.8189894035458565e-12,0.0,0.0
VRE120_wind_hvy_dur12h,7,16674.47596079998,3.637978807091713e-12,0.9999999999999998,0.0,0.0,0.0,3.637978807091713e-12,0.0,0.0
VRE120_wind_hvy_dur12h,8,12729.834394799978,0.0,1.0,0.0,0.0,0.0,0.0,0.0,0.0
VRE120_wind_hvy_dur12h,9,7325.049348799987,0.0,1.0,0.0,0.0,0.0,0.0,0.0,0.0
VRE120_wind_hvy_dur12h,10,8240.910919199983,0.0,1.0,0.0,0.0,0.0,0.0,0.0,0.0
VRE120_wind_hvy_dur12h,11,22093.01744999997,29.200906800000666,0.9986782743975064,29.200906799998847,29.200906799998847,29.200906799998847,1.8189894035458565e-12,0.0,0.0
VRE120_wind_hvy_dur12h,12,10285.422772799982,0.0,1.0,0.0,0.0,0.0,0.0,0.0,0.0
VRE120_wind_hvy_dur12h,13,13048.291331999979,0.0,1.0000000000000002,0.0,0.0,0.0,0.0,0.0,0.0
VRE120_wind_hvy_dur12h,14,5580.084951999987,0.0,1.0,0.0,0.0,0.0,0.0,0.0,0.0
VRE120_wind_hvy_dur12h,15,24003.500644399966,1563.5087691999906,0.9348633021340261,1563.508769199998,1563.5087691999952,1563.5087691999952,-4.547473508864641e-12,2.7284841053187847e-12,0.0
VRE120_wind_hvy_dur12h,16,10673.109353599975,0.0,1.0000000000000002,0.0,0.0,0.0,0.0,0.0,0.0
VRE120_wind_hvy_dur12h,17,5699.138032799995,0.0,1.0,0.0,0.0,0.0,0.0,0.0,0.0
VRE120_wind_hvy_dur12h,18,17867.81303159998,159.3098683999997,0.9910839749599879,159.3098683999997,159.3098683999997,159.3098683999997,0.0,0.0,0.0
VRE120_wind_hvy_dur12h,19,14673.605152799977,0.0,1.0000000000000002,0.0,0.0,0.0,0.0,0.0,0.0
VRE120_wind_hvy_dur12h,20,15740.251583599984,0.0,1.0,0.0,0.0,0.0,0.0,0.0,0.0
VRE120_wind_hvy_dur2h,1,14628.051111999986,4124.295366498067,0.7180557180911995,4124.295366498065,4124.2953664980605,4124.295366498061,5.4569682106375694e-12,3.637978807091713e-12,-9.094947017729282e-13
VRE120_wind_hvy_dur2h,2,20296.354095999974,2586.4546632980637,0.8725655528542535,2586.4546632980637,2586.454663298058,2586.4546632980596,4.092726157978177e-12,4.092726157978177e-12,-1.3642420526593924e-12
VRE120_wind_hvy_dur2h,3,18790.931141999976,4100.397104130749,0.7817885088745884,4100.397104130753,4100.397104130749,4100.3971041307495,-9.094947017729282e-13,3.637978807091713e-12,-9.094947017729282e-13
VRE120_wind_hvy_dur2h,4,23930.226200799963,4801.240806930753,0.7993650053015273,4980.944382690751,4980.944382690747,4980.944382690747,-179.70357575999424,3.637978807091713e-12,0.0
VRE120_wind_hvy_dur2h,5,28366.462050799964,10292.22615422881,0.6371691987602466,10292.226154228814,10292.226154228812,10292.226154228814,-3.637978807091713e-12,0.0,-1.8189894035458565e-12
VRE120_wind_hvy_dur2h,6,25375.687206399976,7802.348170963436,0.692526625683043,7802.34817096344,7802.348170963438,7802.348170963438,-1.8189894035458565e-12,1.8189894035458565e-12,0.0
VRE120_wind_hvy_dur2h,7,16674.47596079998,2596.2987304980634,0.8442950329232713,2596.2987304980616,2596.298730498059,2596.2987304980597,3.637978807091713e-12,1.8189894035458565e-12,-9.094947017729282e-13
VRE120_wind_hvy_dur2h,8,12729.834394799978,1048.8959772653725,0.9176033289408826,1048.8959772653734,1048.8959772653716,1048.8959772653716,9.094947017729282e-13,1.8189894035458565e-12,0.0
VRE120_wind_hvy_dur2h,9,7325.049348799987,143.9448004326905,0.9803489650951946,143.9448004326905,143.94480043268868,143.94480043268905,1.4495071809506044e-12,1.4495071809506044e-12,-3.694822225952521e-13
VRE120_wind_hvy_dur2h,10,8240.910919199983,0.0,1.0,0.0,0.0,0.0,0.0,0.0,0.0
VRE120_wind_hvy_dur2h,11,22093.01744999997,4076.0234149307507,0.8155062601043319,4076.0234149307507,4076.0234149307444,4076.023414930746,4.547473508864641e-12,4.547473508864641e-12,-1.8189894035458565e-12
VRE120_wind_hvy_dur2h,12,10285.422772799982,0.0,1.0,0.0,0.0,0.0,0.0,0.0,0.0
VRE120_wind_hvy_dur2h,13,13048.291331999979,640.187034865372,0.9509370983083922,640.1870348653738,640.1870348653738,640.1870348653746,-2.6147972675971687e-12,-7.958078640513122e-13,-7.958078640513122e-13
VRE120_wind_hvy_dur2h,14,5580.084951999987,157.48495403268498,0.9717773196309063,157.48495403268498,157.4849540326868,157.48495403268714,-2.1600499167107046e-12,-2.1600499167107046e-12,-3.410605131648481e-13
VRE120_wind_hvy_dur2h,15,24003.500644399966,9191.044575330743,0.6170956598584707,9191.04457533075,9191.044575330747,9191.044575330747,-3.637978807091713e-12,3.637978807091713e-12,0.0
VRE120_wind_hvy_dur2h,16,10673.109353599975,405.25814403268123,0.9620299829593716,405.2581440326867,405.2581440326858,405.2581440326861,-4.888534022029489e-12,5.684341886080801e-13,-3.410605131648481e-13
VRE120_wind_hvy_dur2h,17,5699.138032799995,0.0,1.0,0.0,0.0,0.0,0.0,0.0,0.0
VRE120_wind_hvy_dur2h,18,17867.81303159998,4210.204157698057,0.7643693634888538,4210.20415769806,4210.204157698059,4210.20415769806,-2.7284841053187847e-12,0.0,-9.094947017729282e-13
VRE120_wind_hvy_dur2h,19,14673.605152799977,816.6555492653715,0.9443452688850947,816.6555492653752,816.6555492653706,816.6555492653715,0.0,3.637978807091713e-12,-9.094947017729282e-13
VRE120_wind_hvy_dur2h,20,15740.251583599984,643.3795480653753,0.9591252055503533,643.3795480653744,643.3795480653716,643.3795480653724,2.8421709430404007e-12,1.9326762412674725e-12,-7.958078640513122e-13
VRE120_wind_hvy_dur4h,1,14628.051111999986,514.1403548653761,0.9648524365324642,514.140354865377,514.1403548653743,514.1403548653742,1.9326762412674725e-12,2.8421709430404007e-12,1.1368683772161603e-13
VRE120_wind_hvy_dur4h,2,20296.354095999974,537.1403548653798,0.9735351308749959,537.140354865377,537.1403548653743,537.1403548653741,5.6843418860808015e-12,2.9558577807620168e-12,2.2737367544323206e-13
VRE120_wind_hvy_dur4h,3,18790.931141999976,0.0,1.0000000000000002,0.0,0.0,0.0,0.0,0.0,0.0
VRE120_wind_hvy_dur4h,4,23930.226200799963,1722.0067020653805,0.9280405171428001,1722.006702065376,1722.0067020653742,1722.0067020653742,6.366462912410498e-12,1.8189894035458565e-12,0.0
VRE120_wind_hvy_dur4h,5,28366.462050799964,2792.631010996134,0.9015516631578883,2792.631010996136,2792.631010996133,2792.6310109961328,1.3642420526593924e-12,3.183231456205249e-12,4.547473508864641e-13
VRE120_wind_hvy_dur4h,6,25375.687206399976,1513.2404797307536,0.9403665221981022,1513.2404797307554,1513.2404797307545,1513.240479730754,-4.547473508864641e-13,1.3642420526593924e-12,4.547473508864641e-13
VRE120_wind_hvy_dur4h,7,16674.47596079998,3.637978807091713e-12,0.9999999999999998,0.0,0.0,0.0,3.637978807091713e-12,0.0,0.0
VRE120_wind_hvy_dur4h,8,12729.834394799978,0.0,1.0,0.0,0.0,0.0,0.0,0.0,0.0
VRE120_wind_hvy_dur4h,9,7325.049348799987,0.0,1.0,0.0,0.0,0.0,0.0,0.0,0.0
VRE120_wind_hvy_dur4h,10,8240.910919199983,0.0,1.0,0.0,0.0,0.0,0.0,0.0,0.0
VRE120_wind_hvy_dur4h,11,22093.01744999997,814.8024704653762,0.9631194574344856,814.8024704653772,814.8024704653744,814.802470465374,2.2737367544323206e-12,3.183231456205249e-12,4.547473508864641e-13
VRE120_wind_hvy_dur4h,12,10285.422772799982,0.0,1.0,0.0,0.0,0.0,0.0,0.0,0.0
VRE120_wind_hvy_dur4h,13,13048.291331999979,0.0,1.0000000000000002,0.0,0.0,0.0,0.0,0.0,0.0
VRE120_wind_hvy_dur4h,14,5580.084951999987,0.0,1.0,0.0,0.0,0.0,0.0,0.0,0.0
VRE120_wind_hvy_dur4h,15,24003.500644399966,4264.143930530747,0.8223532478157275,4264.14393053075,4264.143930530749,4264.143930530749,-1.8189894035458565e-12,1.8189894035458565e-12,0.0
VRE120_wind_hvy_dur4h,16,10673.109353599975,0.0,1.0000000000000002,0.0,0.0,0.0,0.0,0.0,0.0
VRE120_wind_hvy_dur4h,17,5699.138032799995,0.0,1.0,0.0,0.0,0.0,0.0,0.0,0.0
VRE120_wind_hvy_dur4h,18,17867.81303159998,806.632002465376,0.9548555829950306,806.6320024653751,806.632002465376,806.632002465376,0.0,-9.094947017729282e-13,0.0
VRE120_wind_hvy_dur4h,19,14673.605152799977,0.0,1.0000000000000002,0.0,0.0,0.0,0.0,0.0,0.0
VRE120_wind_hvy_dur4h,20,15740.251583599984,0.0,1.0,0.0,0.0,0.0,0.0,0.0,0.0
VRE120_wind_hvy_dur8h,1,14628.051111999986,1.8189894035458565e-12,0.9999999999999999,0.0,0.0,0.0,1.8189894035458565e-12,0.0,0.0
VRE120_wind_hvy_dur8h,2,20296.354095999974,3.637978807091713e-12,0.9999999999999998,0.0,0.0,0.0,3.637978807091713e-12,0.0,0.0
VRE120_wind_hvy_dur8h,3,18790.931141999976,0.0,1.0000000000000002,0.0,0.0,0.0,0.0,0.0,0.0
VRE120_wind_hvy_dur8h,4,23930.226200799963,663.0962136000016,0.9722904326922812,663.0962135999971,663.0962135999971,663.0962135999971,4.547473508864641e-12,0.0,0.0
VRE120_wind_hvy_dur8h,5,28366.462050799964,658.0076767999926,0.9768033223310824,658.0076767999972,658.0076767999972,658.0076767999972,-4.547473508864641e-12,0.0,0.0
VRE120_wind_hvy_dur8h,6,25375.687206399976,705.3139155999961,0.9722051304517141,705.3139155999979,705.3139155999979,705.3139155999979,-1.8189894035458565e-12,0.0,0.0
VRE120_wind_hvy_dur8h,7,16674.47596079998,3.637978807091713e-12,0.9999999999999998,0.0,0.0,0.0,3.637978807091713e-12,0.0,0.0
VRE120_wind_hvy_dur8h,8,12729.834394799978,0.0,1.0,0.0,0.0,0.0,0.0,0.0,0.0
VRE120_wind_hvy_dur8h,9,7325.049348799987,0.0,1.0,0.0,0.0,0.0,0.0,0.0,0.0
VRE120_wind_hvy_dur8h,10,8240.910919199983,0.0,1.0,0.0,0.0,0.0,0.0,0.0,0.0
VRE120_wind_hvy_dur8h,11,22093.01744999997,29.200906800000666,0.9986782743975064,29.200906799998847,29.200906799998847,29.200906799998847,1.8189894035458565e-12,0.0,0.0
VRE120_wind_hvy_dur8h,12,10285.422772799982,0.0,1.0,0.0,0.0,0.0,0.0,0.0,0.0
VRE120_wind_hvy_dur8h,13,13048.291331999979,0.0,1.0000000000000002,0.0,0.0,0.0,0.0,0.0,0.0
VRE120_wind_hvy_dur8h,14,5580.084951999987,0.0,1.0,0.0,0.0,0.0,0.0,0.0,0.0
VRE120_wind_hvy_dur8h,15,24003.500644399966,1563.5087691999906,0.9348633021340261,1563.508769199998,1563.5087691999952,1563.5087691999952,-4.547473508864641e-12,2.7284841053187847e-12,0.0
VRE120_wind_hvy_dur8h,16,10673.109353599975,0.0,1.0000000000000002,0.0,0.0,0.0,0.0,0.0,0.0
VRE120_wind_hvy_dur8h,17,5699.138032799995,0.0,1.0,0.0,0.0,0.0,0.0,0.0,0.0
VRE120_wind_hvy_dur8h,18,17867.81303159998,159.3098683999997,0.9910839749599879,159.3098683999997,159.3098683999997,159.3098683999997,0.0,0.0,0.0
VRE120_wind_hvy_dur8h,19,14673.605152799977,0.0,1.0000000000000002,0.0,0.0,0.0,0.0,0.0,0.0
VRE120_wind_hvy_dur8h,20,15740.251583599984,0.0,1.0,0.0,0.0,0.0,0.0,0.0,0.0
VRE120_wind_hvy_pwr0p5x,1,14628.051111999986,4340.163467665374,0.7032985847236368,4340.163467665373,4340.163467665371,4340.163467665371,2.7284841053187847e-12,1.8189894035458565e-12,0.0
VRE120_wind_hvy_pwr0p5x,2,20296.354095999974,3326.84817803268,0.8360864142250879,3326.84817803268,3326.8481780326783,3326.848178032679,1.3642420526593924e-12,1.3642420526593924e-12,-4.547473508864641e-13
VRE120_wind_hvy_pwr0p5x,3,18790.931141999976,4223.121034530748,0.7752574897636888,4223.12103453075,4223.121034530747,4223.121034530748,0.0,1.8189894035458565e-12,-9.094947017729282e-13
VRE120_wind_hvy_pwr0p5x,4,23930.226200799963,5674.8722476326875,0.7628575593053533,5831.411451025371,5831.411451025367,5831.411451025367,-156.53920339267916,4.547473508864641e-12,0.0
VRE120_wind_hvy_pwr0p5x,5,28366.462050799964,10645.33108539612,0.6247212265550787,10645.331085396123,10645.331085396123,10645.331085396123,-3.637978807091713e-12,0.0,0.0
VRE120_wind_hvy_pwr0p5x,6,25375.687206399976,7802.348170963436,0.692526625683043,7802.34817096344,7802.348170963437,7802.348170963438,-1.8189894035458565e-12,1.8189894035458565e-12,-9.094947017729282e-13
VRE120_wind_hvy_pwr0p5x,7,16674.47596079998,3170.9620612653707,0.8098313812847862,3170.96206126537,3170.962061265368,3170.962061265369,1.8189894035458565e-12,9.094947017729282e-13,-9.094947017729282e-13
VRE120_wind_hvy_pwr0p5x,8,12729.834394799978,1295.2680980653713,0.8982494148867737,1295.2680980653704,1295.2680980653695,1295.2680980653695,1.8189894035458565e-12,9.094947017729282e-13,0.0
VRE120_wind_hvy_pwr0p5x,9,7325.049348799987,339.38070479999897,0.9536684753044569,339.38070479999897,339.38070479999897,339.38070479999897,0.0,0.0,0.0
VRE120_wind_hvy_pwr0p5x,10,8240.910919199983,477.4423223999993,0.9420643752758404,477.4423223999984,477.4423223999993,477.4423223999993,0.0,-9.094947017729282e-13,0.0
VRE120_wind_hvy_pwr0p5x,11,22093.01744999997,4496.64122489806,0.796467764755327,4496.6412248980605,4496.641224898056,4496.641224898057,2.7284841053187847e-12,3.637978807091713e-12,-9.094947017729282e-13
VRE120_wind_hvy_pwr0p5x,12,10285.422772799982,125.47395160000087,0.98780079785035,125.47395159999724,125.47395159999814,125.47395159999814,2.7284841053187847e-12,-9.094947017729282e-13,0.0
VRE120_wind_hvy_pwr0p5x,13,13048.291331999979,1001.5348279999962,0.9232439863184381,1001.5348279999998,1001.5348279999998,1001.5348279999998,-3.637978807091713e-12,0.0,0.0
VRE120_wind_hvy_pwr0p5x,14,5580.084951999987,157.48495403268498,0.9717773196309063,157.4849540326868,157.4849540326868,157.4849540326871,-2.1316282072803006e-12,-3.126388037344441e-13,-3.126388037344441e-13
VRE120_wind_hvy_pwr0p5x,15,24003.500644399966,9449.25980289805,0.6063382611193184,9449.259802898056,9449.259802898057,9449.259802898057,-7.275957614183426e-12,-1.8189894035458565e-12,0.0
VRE120_wind_hvy_pwr0p5x,16,10673.109353599975,727.3609431999921,0.9318510736559953,727.3609431999957,727.3609431999957,727.3609431999957,-3.637978807091713e-12,0.0,0.0
VRE120_wind_hvy_pwr0p5x,17,5699.138032799995,63.137146799998845,0.9889216322825262,63.137146799999755,63.137146799998845,63.137146799998845,0.0,9.094947017729282e-13,0.0
VRE120_wind_hvy_pwr0p5x,18,17867.81303159998,4329.169337698057,0.757711291804893,4329.169337698057,4329.1693376980575,4329.1693376980575,-9.094947017729282e-13,-9.094947017729282e-13,0.0
VRE120_wind_hvy_pwr0p5x,19,14673.605152799977,1070.471546832683,0.9270478157422398,1070.4715468326858,1070.471546832684,1070.471546832683,0.0,2.7284841053187847e-12,9.094947017729282e-13
VRE120_wind_hvy_pwr0p5x,20,15740.251583599984,1031.1145208653725,0.9344918653053991,1031.1145208653743,1031.1145208653707,1031.1145208653713,1.1368683772161603e-12,2.9558577807620168e-12,-6.821210263296962e-13
VRE120_wind_hvy_pwr1p0x,1,14628.051111999986,514.1403548653761,0.9648524365324642,514.140354865377,514.1403548653743,514.1403548653742,1.9326762412674725e-12,2.8421709430404007e-12,1.1368683772161603e-13
VRE120_wind_hvy_pwr1p0x,2,20296.354095999974,537.1403548653798,0.9735351308749959,537.140354865377,537.1403548653743,537.1403548653741,5.6843418860808015e-12,2.9558577807620168e-12,2.2737367544323206e-13
VRE120_wind_hvy_pwr1p0x,3,18790.931141999976,0.0,1.0000000000000002,0.0,0.0,0.0,0.0,0.0,0.0
VRE120_wind_hvy_pwr1p0x,4,23930.226200799963,1722.0067020653805,0.9280405171428001,1722.006702065376,1722.0067020653742,1722.0067020653742,6.366462912410498e-12,1.8189894035458565e-12,0.0
VRE120_wind_hvy_pwr1p0x,5,28366.462050799964,2792.631010996134,0.9015516631578883,2792.631010996136,2792.631010996133,2792.6310109961328,1.3642420526593924e-12,3.183231456205249e-12,4.547473508864641e-13
VRE120_wind_hvy_pwr1p0x,6,25375.687206399976,1513.2404797307536,0.9403665221981022,1513.2404797307554,1513.2404797307545,1513.240479730754,-4.547473508864641e-13,1.3642420526593924e-12,4.547473508864641e-13
VRE120_wind_hvy_pwr1p0x,7,16674.47596079998,3.637978807091713e-12,0.9999999999999998,0.0,0.0,0.0,3.637978807091713e-12,0.0,0.0
VRE120_wind_hvy_pwr1p0x,8,12729.834394799978,0.0,1.0,0.0,0.0,0.0,0.0,0.0,0.0
VRE120_wind_hvy_pwr1p0x,9,7325.049348799987,0.0,1.0,0.0,0.0,0.0,0.0,0.0,0.0
VRE120_wind_hvy_pwr1p0x,10,8240.910919199983,0.0,1.0,0.0,0.0,0.0,0.0,0.0,0.0
VRE120_wind_hvy_pwr1p0x,11,22093.01744999997,814.8024704653762,0.9631194574344856,814.8024704653772,814.8024704653744,814.802470465374,2.2737367544323206e-12,3.183231456205249e-12,4.547473508864641e-13
VRE120_wind_hvy_pwr1p0x,12,10285.422772799982,0.0,1.0,0.0,0.0,0.0,0.0,0.0,0.0
VRE120_wind_hvy_pwr1p0x,13,13048.291331999979,0.0,1.0000000000000002,0.0,0.0,0.0,0.0,0.0,0.0
VRE120_wind_hvy_pwr1p0x,14,5580.084951999987,0.0,1.0,0.0,0.0,0.0,0.0,0.0,0.0
VRE120_wind_hvy_pwr1p0x,15,24003.500644399966,4264.143930530747,0.8223532478157275,4264.14393053075,4264.143930530749,4264.143930530749,-1.8189894035458565e-12,1.8189894035458565e-12,0.0
VRE120_wind_hvy_pwr1p0x,16,10673.109353599975,0.0,1.0000000000000002,0.0,0.0,0.0,0.0,0.0,0.0
VRE120_wind_hvy_pwr1p0x,17,5699.138032799995,0.0,1.0,0.0,0.0,0.0,0.0,0.0,0.0
VRE120_wind_hvy_pwr1p0x,18,17867.81303159998,806.632002465376,0.9548555829950306,806.6320024653751,806.632002465376,806.632002465376,0.0,-9.094947017729282e-13,0.0
VRE120_wind_hvy_pwr1p0x,19,14673.605152799977,0.0,1.0000000000000002,0.0,0.0,0.0,0.0,0.0,0.0
VRE120_wind_hvy_pwr1p0x,20,15740.251583599984,0.0,1.0,0.0,0.0,0.0,0.0,0.0,0.0
VRE120_wind_hvy_pwr2p0x,1,14628.051111999986,1.8189894035458565e-12,0.9999999999999999,0.0,0.0,0.0,1.8189894035458565e-12,0.0,0.0
VRE120_wind_hvy_pwr2p0x,2,20296.354095999974,3.637978807091713e-12,0.9999999999999998,0.0,0.0,0.0,3.637978807091713e-12,0.0,0.0
VRE120_wind_hvy_pwr2p0x,3,18790.931141999976,0.0,1.0000000000000002,0.0,0.0,0.0,0.0,0.0,0.0
VRE120_wind_hvy_pwr2p0x,4,23930.226200799963,0.0,1.0,0.0,0.0,0.0,0.0,0.0,0.0
VRE120_wind_hvy_pwr2p0x,5,28366.462050799964,0.0,1.0,0.0,0.0,0.0,0.0,0.0,0.0
VRE120_wind_hvy_pwr2p0x,6,25375.687206399976,0.0,1.0,0.0,0.0,0.0,0.0,0.0,0.0
VRE120_wind_hvy_pwr2p0x,7,16674.47596079998,3.637978807091713e-12,0.9999999999999998,0.0,0.0,0.0,3.637978807091713e-12,0.0,0.0
VRE120_wind_hvy_pwr2p0x,8,12729.834394799978,0.0,1.0,0.0,0.0,0.0,0.0,0.0,0.0
VRE120_wind_hvy_pwr2p0x,9,7325.049348799987,0.0,1.0,0.0,0.0,0.0,0.0,0.0,0.0
VRE120_wind_hvy_pwr2p0x,10,8240.910919199983,0.0,1.0,0.0,0.0,0.0,0.0,0.0,0.0
VRE120_wind_hvy_pwr2p0x,11,22093.01744999997,3.637978807091713e-12,0.9999999999999999,0.0,0.0,0.0,3.637978807091713e-12,0.0,0.0
VRE120_wind_hvy_pwr2p0x,12,10285.422772799982,0.0,1.0,0.0,0.0,0.0,0.0,0.0,0.0
VRE120_wind_hvy_pwr2p0x,13,13048.291331999979,0.0,1.0000000000000002,0.0,0.0,0.0,0.0,0.0,0.0
VRE120_wind_hvy_pwr2p0x,14,5580.084951999987,0.0,1.0,0.0,0.0,0.0,0.0,0.0,0.0
VRE120_wind_hvy_pwr2p0x,15,24003.500644399966,10.917626930753613,0.9995451652201697,10.917626930754523,10.917626930753613,10.917626930753954,-3.410605131648481e-13,5.684341886080801e-13,-3.410605131648481e-13
VRE120_wind_hvy_pwr2p0x,16,10673.109353599975,0.0,1.0000000000000002,0.0,0.0,0.0,0.0,0.0,0.0
VRE120_wind_hvy_pwr2p0x,17,5699.138032799995,0.0,1.0,0.0,0.0,0.0,0.0,0.0,0.0
VRE120_wind_hvy_pwr2p0x,18,17867.81303159998,0.0,1.0,0.0,0.0,0.0,0.0,0.0,0.0
VRE120_wind_hvy_pwr2p0x,19,14673.605152799977,0.0,1.0000000000000002,0.0,0.0,0.0,0.0,0.0,0.0
VRE120_wind_hvy_pwr2p0x,20,15740.251583599984,0.0,1.0,0.0,0.0,0.0,0.0,0.0,0.0
