model,case,scenario_id,eue_mwh,lolh_h
M1c,VRE120_base_dur12h,1,113.91124999999829,2
M1c,VRE120_base_dur12h,2,64.40090679999958,1
M1c,VRE120_base_dur12h,3,93.79773159999968,1
M1c,VRE120_base_dur12h,4,1059.614011999999,8
M1c,VRE120_base_dur12h,5,1404.8676487999937,13
M1c,VRE120_base_dur12h,6,1720.1353115999955,9
M1c,VRE120_base_dur12h,7,0.0,0
M1c,VRE120_base_dur12h,8,0.0,0
M1c,VRE120_base_dur12h,9,0.0,0
M1c,VRE120_base_dur12h,10,0.0,0
M1c,VRE120_base_dur12h,11,126.23800479999954,2
M1c,VRE120_base_dur12h,12,0.0,0
M1c,VRE120_base_dur12h,13,0.0,0
M1c,VRE120_base_dur12h,14,0.0,0
M1c,VRE120_base_dur12h,15,1964.9060367999973,6
M1c,VRE120_base_dur12h,16,63.42909079999845,2
M1c,VRE120_base_dur12h,17,0.0,0
M1c,VRE120_base_dur12h,18,574.2569795999971,5
M1c,VRE120_base_dur12h,19,0.0,0
M1c,VRE120_base_dur12h,20,0.0,0
M2,VRE120_base_dur12h,1,113.91124999999829,2
M2,VRE120_base_dur12h,2,64.40090679999958,1
M2,VRE120_base_dur12h,3,93.79773159999968,1
M2,VRE120_base_dur12h,4,1059.614011999999,8
M2,VRE120_base_dur12h,5,1404.8676487999937,13
M2,VRE120_base_dur12h,6,1720.1353115999946,9
M2,VRE120_base_dur12h,7,0.0,0
M2,VRE120_base_dur12h,8,0.0,0
M2,VRE120_base_dur12h,9,0.0,0
M2,VRE120_base_dur12h,10,0.0,0
M2,VRE120_base_dur12h,11,126.23800479999954,2
M2,VRE120_base_dur12h,12,0.0,0
M2,VRE120_base_dur12h,13,0.0,0
M2,VRE120_base_dur12h,14,0.0,0
M2,VRE120_base_dur12h,15,1964.9060367999982,6
M2,VRE120_base_dur12h,16,63.42909079999845,2
M2,VRE120_base_dur12h,17,0.0,0
M2,VRE120_base_dur12h,18,574.2569795999971,5
M2,VRE120_base_dur12h,19,0.0,0
M2,VRE120_base_dur12h,20,0.0,0
M3,VRE120_base_dur12h,1,113.91124999999829,2
M3,VRE120_base_dur12h,2,64.40090679999958,1
M3,VRE120_base_dur12h,3,93.79773159999968,1
M3,VRE120_base_dur12h,4,1059.614011999999,8
M3,VRE120_base_dur12h,5,1404.8676487999937,13
M3,VRE120_base_dur12h,6,1720.1353115999946,9
M3,VRE120_base_dur12h,7,0.0,0
M3,VRE120_base_dur12h,8,0.0,0
M3,VRE120_base_dur12h,9,0.0,0
M3,VRE120_base_dur12h,10,0.0,0
M3,VRE120_base_dur12h,11,126.23800479999954,2
M3,VRE120_base_dur12h,12,0.0,0
M3,VRE120_base_dur12h,13,0.0,0
M3,VRE120_base_dur12h,14,0.0,0
M3,VRE120_base_dur12h,15,1964.9060367999982,6
M3,VRE120_base_dur12h,16,63.42909079999845,2
M3,VRE120_base_dur12h,17,0.0,0
M3,VRE120_base_dur12h,18,574.2569795999971,5
M3,VRE120_base_dur12h,19,0.0,0
M3,VRE120_base_dur12h,20,0.0,0
M1c,VRE120_base_dur2h,1,8588.039075363442,14
M1c,VRE120_base_dur2h,2,10434.830031301502,25
M1c,VRE120_base_dur2h,3,11674.164112996128,20
M1c,VRE120_base_dur2h,4,19408.935900661498,33
M1c,VRE120_base_dur2h,5,25258.112699894187,42
M1c,VRE120_base_dur2h,6,16705.269653396128,26
M1c,VRE120_base_dur2h,7,8765.415165894186,22
M1c,VRE120_base_dur2h,8,3462.0387580980623,9
M1c,VRE120_base_dur2h,9,939.8858388980689,4
M1c,VRE120_base_dur2h,10,1410.3026909307582,7
M1c,VRE120_base_dur2h,11,11862.60011419612,22
M1c,VRE120_base_dur2h,12,2066.2664940980694,5
M1c,VRE120_base_dur2h,13,3720.5501600980588,11
M1c,VRE120_base_dur2h,14,4139.071128898065,10
M1c,VRE120_base_dur2h,15,21546.591648854184,35
M1c,VRE120_base_dur2h,16,3105.192141698064,10
M1c,VRE120_base_dur2h,17,672.1881752653744,3
M1c,VRE120_base_dur2h,18,8898.74399379612,18
M1c,VRE120_base_dur2h,19,3846.64128376343,14
M1c,VRE120_base_dur2h,20,3520.129292563438,11
M2,VRE120_base_dur2h,1,8588.039075363438,18
M2,VRE120_base_dur2h,2,10434.830031301497,21
M2,VRE120_base_dur2h,3,11674.164112996128,22
M2,VRE120_base_dur2h,4,19408.9359006615,37
M2,VRE120_base_dur2h,5,25258.112699894184,40
M2,VRE120_base_dur2h,6,16705.26965339612,29
M2,VRE120_base_dur2h,7,8765.415165894186,24
M2,VRE120_base_dur2h,8,3462.0387580980614,9
M2,VRE120_base_dur2h,9,939.8858388980689,4
M2,VRE120_base_dur2h,10,1410.3026909307564,5
M2,VRE120_base_dur2h,11,11862.600114196124,25
M2,VRE120_base_dur2h,12,2066.2664940980676,5
M2,VRE120_base_dur2h,13,3720.5501600980588,9
M2,VRE120_base_dur2h,14,4139.071128898063,11
M2,VRE120_base_dur2h,15,21546.591648854184,39
M2,VRE120_base_dur2h,16,3105.192141698063,9
M2,VRE120_base_dur2h,17,672.1881752653753,3
M2,VRE120_base_dur2h,18,8898.74399379612,20
M2,VRE120_base_dur2h,19,3846.641283763436,11
M2,VRE120_base_dur2h,20,3520.1292925634434,12
M3,VRE120_base_dur2h,1,8588.039075363438,14
M3,VRE120_base_dur2h,2,10434.830031301497,25
M3,VRE120_base_dur2h,3,11674.16411299613,20
M3,VRE120_base_dur2h,4,19408.9359006615,33
M3,VRE120_base_dur2h,5,25258.112699894184,42
M3,VRE120_base_dur2h,6,16705.269653396124,26
M3,VRE120_base_dur2h,7,8765.41516589419,22
M3,VRE120_base_dur2h,8,3462.0387580980628,9
M3,VRE120_base_dur2h,9,939.88583889807,4
M3,VRE120_base_dur2h,10,1410.302690930756,7
M3,VRE120_base_dur2h,11,11862.600114196124,22
M3,VRE120_base_dur2h,12,2066.2664940980676,5
M3,VRE120_base_dur2h,13,3720.5501600980597,11
M3,VRE120_base_dur2h,14,4139.071128898064,10
M3,VRE120_base_dur2h,15,21546.591648854184,35
M3,VRE120_base_dur2h,16,3105.192141698064,10
M3,VRE120_base_dur2h,17,672.1881752653751,3
M3,VRE120_base_dur2h,18,8898.743993796123,18
M3,VRE120_base_dur2h,19,3846.6412837634352,14
M3,VRE120_base_dur2h,20,3520.129292563443,11
M1c,VRE120_base_dur2h_ls1p225,1,16109.422835919268,30
M1c,VRE120_base_dur2h_ls1p225,2,22280.451884725044,44
M1c,VRE120_base_dur2h_ls1p225,3,20383.870141811574,31
M1c,VRE120_base_dur2h_ls1p225,4,33156.810813115444,55
M1c,VRE120_base_dur2h_ls1p225,5,40369.63383910776,59
M1c,VRE120_base_dur2h_ls1p225,6,26487.670907542357,42
M1c,VRE120_base_dur2h_ls1p225,7,21628.893150365435,46
M1c,VRE120_base_dur2h_ls1p225,8,10770.844616201946,27
M1c,VRE120_base_dur2h_ls1p225,9,4632.22212234618,16
M1c,VRE120_base_dur2h_ls1p225,10,7262.346889894264,22
M1c,VRE120_base_dur2h_ls1p225,11,24517.16634954044,48
M1c,VRE120_base_dur2h_ls1p225,12,7117.67835310387,18
M1c,VRE120_base_dur2h_ls1p225,13,11370.53177214427,26
M1c,VRE120_base_dur2h_ls1p225,14,8765.827011213487,18
M1c,VRE120_base_dur2h_ls1p225,15,33637.05571022696,46
M1c,VRE120_base_dur2h_ls1p225,16,8405.778491146182,19
M1c,VRE120_base_dur2h_ls1p225,17,4639.650704028873,13
M1c,VRE120_base_dur2h_ls1p225,18,18409.820168957755,39
M1c,VRE120_base_dur2h_ls1p225,19,13190.333998167342,35
M1c,VRE120_base_dur2h_ls1p225,20,12034.387844934652,29
M2,VRE120_base_dur2h_ls1p225,1,16109.422835919264,31
M2,VRE120_base_dur2h_ls1p225,2,22280.451884725037,49
M2,VRE120_base_dur2h_ls1p225,3,20383.870141811567,37
M2,VRE120_base_dur2h_ls1p225,4,33156.810813115444,66
M2,VRE120_base_dur2h_ls1p225,5,40369.63383910775,65
M2,VRE120_base_dur2h_ls1p225,6,26487.670907542353,48
M2,VRE120_base_dur2h_ls1p225,7,21628.89315036543,41
M2,VRE120_base_dur2h_ls1p225,8,10770.84461620195,22
M2,VRE120_base_dur2h_ls1p225,9,4632.222122346177,14
M2,VRE120_base_dur2h_ls1p225,10,7262.346889894263,20
M2,VRE120_base_dur2h_ls1p225,11,24517.166349540435,49
M2,VRE120_base_dur2h_ls1p225,12,7117.678353103866,16
M2,VRE120_base_dur2h_ls1p225,13,11370.531772144266,26
M2,VRE120_base_dur2h_ls1p225,14,8765.827011213481,18
M2,VRE120_base_dur2h_ls1p225,15,33637.05571022696,53
M2,VRE120_base_dur2h_ls1p225,16,8405.778491146175,18
M2,VRE120_base_dur2h_ls1p225,17,4639.650704028868,13
M2,VRE120_base_dur2h_ls1p225,18,18409.82016895774,40
M2,VRE120_base_dur2h_ls1p225,19,13190.333998167342,35
M2,VRE120_base_dur2h_ls1p225,20,12034.387844934652,31
M3,VRE120_base_dur2h_ls1p225,1,16109.422835919266,30
M3,VRE120_base_dur2h_ls1p225,2,22280.451884725037,44
M3,VRE120_base_dur2h_ls1p225,3,20383.87014181157,31
M3,VRE120_base_dur2h_ls1p225,4,33156.810813115444,55
M3,VRE120_base_dur2h_ls1p225,5,40369.63383910776,59
M3,VRE120_base_dur2h_ls1p225,6,26487.670907542357,42
M3,VRE120_base_dur2h_ls1p225,7,21628.89315036543,46
M3,VRE120_base_dur2h_ls1p225,8,10770.84461620195,27
M3,VRE120_base_dur2h_ls1p225,9,4632.222122346177,16
M3,VRE120_base_dur2h_ls1p225,10,7262.346889894265,22
M3,VRE120_base_dur2h_ls1p225,11,24517.166349540435,48
M3,VRE120_base_dur2h_ls1p225,12,7117.678353103866,18
M3,VRE120_base_dur2h_ls1p225,13,11370.531772144268,26
M3,VRE120_base_dur2h_ls1p225,14,8765.827011213481,18
M3,VRE120_base_dur2h_ls1p225,15,33637.05571022696,46
M3,VRE120_base_dur2h_ls1p225,16,8405.778491146177,19
M3,VRE120_base_dur2h_ls1p225,17,4639.650704028866,13
M3,VRE120_base_dur2h_ls1p225,18,18409.820168957747,39
M3,VRE120_base_dur2h_ls1p225,19,13190.333998167343,35
M3,VRE120_base_dur2h_ls1p225,20,12034.387844934652,29
M1c,VRE120_base_dur4h,1,1779.4778133961363,6
M1c,VRE120_base_dur4h,2,2522.2746481307568,6
M1c,VRE120_base_dur4h,3,2519.0376033961284,6
M1c,VRE120_base_dur4h,4,7004.091136661507,14
M1c,VRE120_base_dur4h,5,9712.357466792266,24
M1c,VRE120_base_dur4h,6,8239.837850261514,21
M1c,VRE120_base_dur4h,7,676.5770517961282,4
M1c,VRE120_base_dur4h,8,0.0,0
M1c,VRE120_base_dur4h,9,0.0,0
M1c,VRE120_base_dur4h,10,0.0,0
M1c,VRE120_base_dur4h,11,3237.7367637307552,7
M1c,VRE120_base_dur4h,12,0.0,0
M1c,VRE120_base_dur4h,13,0.0,0
M1c,VRE120_base_dur4h,14,839.7710056653759,2
M1c,VRE120_base_dur4h,15,9853.506778661507,16
M1c,VRE120_base_dur4h,16,102.97820926537406,3
M1c,VRE120_base_dur4h,17,0.0,0
M1c,VRE120_base_dur4h,18,3095.745364930747,10
M1c,VRE120_base_dur4h,19,0.0,0
M1c,VRE120_base_dur4h,20,0.0,0
M2,VRE120_base_dur4h,1,1779.4778133961336,7
M2,VRE120_base_dur4h,2,2522.274648130755,7
M2,VRE120_base_dur4h,3,2519.037603396134,4
M2,VRE120_base_dur4h,4,7004.091136661509,14
M2,VRE120_base_dur4h,5,9712.357466792264,24
M2,VRE120_base_dur4h,6,8239.837850261509,18
M2,VRE120_base_dur4h,7,676.57705179613,3
M2,VRE120_base_dur4h,8,0.0,0
M2,VRE120_base_dur4h,9,0.0,0
M2,VRE120_base_dur4h,10,0.0,0
M2,VRE120_base_dur4h,11,3237.7367637307543,7
M2,VRE120_base_dur4h,12,0.0,0
M2,VRE120_base_dur4h,13,0.0,0
M2,VRE120_base_dur4h,14,839.771005665375,2
M2,VRE120_base_dur4h,15,9853.506778661507,17
M2,VRE120_base_dur4h,16,102.97820926537497,3
M2,VRE120_base_dur4h,17,0.0,0
M2,VRE120_base_dur4h,18,3095.745364930748,9
M2,VRE120_base_dur4h,19,0.0,0
M2,VRE120_base_dur4h,20,0.0,0
M3,VRE120_base_dur4h,1,1779.4778133961331,6
M3,VRE120_base_dur4h,2,2522.2746481307545,6
M3,VRE120_base_dur4h,3,2519.0376033961334,6
M3,VRE120_base_dur4h,4,7004.091136661509,14
M3,VRE120_base_dur4h,5,9712.357466792264,24
M3,VRE120_base_dur4h,6,8239.83785026151,21
M3,VRE120_base_dur4h,7,676.5770517961292,4
M3,VRE120_base_dur4h,8,0.0,0
M3,VRE120_base_dur4h,9,0.0,0
M3,VRE120_base_dur4h,10,0.0,0
M3,VRE120_base_dur4h,11,3237.736763730755,7
M3,VRE120_base_dur4h,12,0.0,0
M3,VRE120_base_dur4h,13,0.0,0
M3,VRE120_base_dur4h,14,839.7710056653752,2
M3,VRE120_base_dur4h,15,9853.506778661507,16
M3,VRE120_base_dur4h,16,102.97820926537509,3
M3,VRE120_base_dur4h,17,0.0,0
M3,VRE120_base_dur4h,18,3095.745364930748,10
M3,VRE120_base_dur4h,19,0.0,0
M3,VRE120_base_dur4h,20,0.0,0
M1c,VRE120_base_dur8h,1,113.91124999999829,2
M1c,VRE120_base_dur8h,2,64.40090679999958,1
M1c,VRE120_base_dur8h,3,93.79773159999968,1
M1c,VRE120_base_dur8h,4,1059.614011999999,8
M1c,VRE120_base_dur8h,5,1404.8676487999937,13
M1c,VRE120_base_dur8h,6,1720.1353115999955,9
M1c,VRE120_base_dur8h,7,0.0,0
M1c,VRE120_base_dur8h,8,0.0,0
M1c,VRE120_base_dur8h,9,0.0,0
M1c,VRE120_base_dur8h,10,0.0,0
M1c,VRE120_base_dur8h,11,126.23800479999954,2
M1c,VRE120_base_dur8h,12,0.0,0
M1c,VRE120_base_dur8h,13,0.0,0
M1c,VRE120_base_dur8h,14,0.0,0
M1c,VRE120_base_dur8h,15,1964.9060367999973,6
M1c,VRE120_base_dur8h,16,63.42909079999845,2
M1c,VRE120_base_dur8h,17,0.0,0
M1c,VRE120_base_dur8h,18,574.2569795999971,5
M1c,VRE120_base_dur8h,19,0.0,0
M1c,VRE120_base_dur8h,20,0.0,0
M2,VRE120_base_dur8h,1,113.91124999999829,2
M2,VRE120_base_dur8h,2,64.40090679999958,1
M2,VRE120_base_dur8h,3,93.79773159999968,1
M2,VRE120_base_dur8h,4,1059.614011999999,8
M2,VRE120_base_dur8h,5,1404.8676487999937,13
M2,VRE120_base_dur8h,6,1720.1353115999946,9
M2,VRE120_base_dur8h,7,0.0,0
M2,VRE120_base_dur8h,8,0.0,0
M2,VRE120_base_dur8h,9,0.0,0
M2,VRE120_base_dur8h,10,0.0,0
M2,VRE120_base_dur8h,11,126.23800479999954,2
M2,VRE120_base_dur8h,12,0.0,0
M2,VRE120_base_dur8h,13,0.0,0
M2,VRE120_base_dur8h,14,0.0,0
M2,VRE120_base_dur8h,15,1964.9060367999982,6
M2,VRE120_base_dur8h,16,63.42909079999845,2
M2,VRE120_base_dur8h,17,0.0,0
M2,VRE120_base_dur8h,18,574.2569795999971,5
M2,VRE120_base_dur8h,19,0.0,0
M2,VRE120_base_dur8h,20,0.0,0
M3,VRE120_base_dur8h,1,113.91124999999829,2
M3,VRE120_base_dur8h,2,64.40090679999958,1
M3,VRE120_base_dur8h,3,93.79773159999968,1
M3,VRE120_base_dur8h,4,1059.614011999999,8
M3,VRE120_base_dur8h,5,1404.8676487999937,13
M3,VRE120_base_dur8h,6,1720.1353115999946,9
M3,VRE120_base_dur8h,7,0.0,0
M3,VRE120_base_dur8h,8,0.0,0
M3,VRE120_base_dur8h,9,0.0,0
M3,VRE120_base_dur8h,10,0.0,0
M3,VRE120_base_dur8h,11,126.23800479999954,2
M3,VRE120_base_dur8h,12,0.0,0
M3,VRE120_base_dur8h,13,0.0,0
M3,VRE120_base_dur8h,14,0.0,0
M3,VRE120_base_dur8h,15,1964.9060367999982,6
M3,VRE120_base_dur8h,16,63.42909079999845,2
M3,VRE120_base_dur8h,17,0.0,0
M3,VRE120_base_dur8h,18,574.2569795999971,5
M3,VRE120_base_dur8h,19,0.0,0
M3,VRE120_base_dur8h,20,0.0,0
M1c,VRE120_base_ls1p225,1,6177.760721411551,13
M1c,VRE120_base_ls1p225,2,6787.353397401935,17
M1c,VRE120_base_ls1p225,3,8398.333665151935,19
M1c,VRE120_base_ls1p225,4,15772.07177608271,27
M1c,VRE120_base_ls1p225,5,21530.431535138483,40
M1c,VRE120_base_ls1p225,6,14385.441439051945,27
M1c,VRE120_base_ls1p225,7,5531.515358336546,11
M1c,VRE120_base_ls1p225,8,1752.1757332211582,7
M1c,VRE120_base_ls1p225,9,0.0,0
M1c,VRE120_base_ls1p225,10,173.19376340000235,2
M1c,VRE120_base_ls1p225,11,9579.755905901933,22
M1c,VRE120_base_ls1p225,12,454.62918734038794,2
M1c,VRE120_base_ls1p225,13,2018.3035245461533,11
M1c,VRE120_base_ls1p225,14,2731.4583321057717,5
M1c,VRE120_base_ls1p225,15,17734.969204882713,28
M1c,VRE120_base_ls1p225,16,1410.8032287903834,5
M1c,VRE120_base_ls1p225,17,0.0,0
M1c,VRE120_base_ls1p225,18,6348.367471396162,14
M1c,VRE120_base_ls1p225,19,1337.201104871153,9
M1c,VRE120_base_ls1p225,20,1584.231132055772,6
M2,VRE120_base_ls1p225,1,6177.760721411547,14
M2,VRE120_base_ls1p225,2,6787.353397401932,16
M2,VRE120_base_ls1p225,3,8398.333665151938,22
M2,VRE120_base_ls1p225,4,15772.07177608271,32
M2,VRE120_base_ls1p225,5,21530.431535138483,44
M2,VRE120_base_ls1p225,6,14385.441439051941,22
M2,VRE120_base_ls1p225,7,5531.515358336544,13
M2,VRE120_base_ls1p225,8,1752.1757332211564,5
M2,VRE120_base_ls1p225,9,0.0,0
M2,VRE120_base_ls1p225,10,173.19376340000235,2
M2,VRE120_base_ls1p225,11,9579.755905901933,21
M2,VRE120_base_ls1p225,12,454.6291873403861,1
M2,VRE120_base_ls1p225,13,2018.3035245461542,6
M2,VRE120_base_ls1p225,14,2731.4583321057708,5
M2,VRE120_base_ls1p225,15,17734.96920488271,31
M2,VRE120_base_ls1p225,16,1410.8032287903852,4
M2,VRE120_base_ls1p225,17,0.0,0
M2,VRE120_base_ls1p225,18,6348.367471396162,13
M2,VRE120_base_ls1p225,19,1337.2011048711547,5
M2,VRE120_base_ls1p225,20,1584.2311320557737,5
M3,VRE120_base_ls1p225,1,6177.760721411545,13
M3,VRE120_base_ls1p225,2,6787.353397401933,17
M3,VRE120_base_ls1p225,3,8398.333665151937,19
M3,VRE120_base_ls1p225,4,15772.07177608271,27
M3,VRE120_base_ls1p225,5,21530.431535138483,40
M3,VRE120_base_ls1p225,6,14385.441439051941,27
M3,VRE120_base_ls1p225,7,5531.515358336543,11
M3,VRE120_base_ls1p225,8,1752.175733221156,7
M3,VRE120_base_ls1p225,9,0.0,0
M3,VRE120_base_ls1p225,10,173.19376340000235,2
M3,VRE120_base_ls1p225,11,9579.755905901933,22
M3,VRE120_base_ls1p225,12,454.6291873403866,2
M3,VRE120_base_ls1p225,13,2018.3035245461551,11
M3,VRE120_base_ls1p225,14,2731.4583321057708,5
M3,VRE120_base_ls1p225,15,17734.96920488271,28
M3,VRE120_base_ls1p225,16,1410.803228790385,5
M3,VRE120_base_ls1p225,17,0.0,0
M3,VRE120_base_ls1p225,18,6348.367471396161,14
M3,VRE120_base_ls1p225,19,1337.201104871154,9
M3,VRE120_base_ls1p225,20,1584.2311320557728,6
M1c,VRE120_base_ls1p25,1,12579.896879076918,22
M1c,VRE120_base_ls1p25,2,16150.160851088436,35
M1c,VRE120_base_ls1p25,3,16752.729985707687,30
M1c,VRE120_base_ls1p25,4,27414.528788588435,41
M1c,VRE120_base_ls1p25,5,35460.71688733844,49
M1c,VRE120_base_ls1p25,6,21865.560876576918,33
M1c,VRE120_base_ls1p25,7,15039.832114403824,35
M1c,VRE120_base_ls1p25,8,6277.4116220115275,15
M1c,VRE120_base_ls1p25,9,1854.2870799461498,9
M1c,VRE120_base_ls1p25,10,3038.529667826915,12
M1c,VRE120_base_ls1p25,11,17928.88829440382,35
M1c,VRE120_base_ls1p25,12,3526.102759511531,11
M1c,VRE120_base_ls1p25,13,6758.997118642292,18
M1c,VRE120_base_ls1p25,14,6424.444941196145,14
M1c,VRE120_base_ls1p25,15,29998.46437858844,47
M1c,VRE120_base_ls1p25,16,4657.042967826908,14
M1c,VRE120_base_ls1p25,17,2206.04393619615,6
M1c,VRE120_base_ls1p25,18,13192.294199457676,29
M1c,VRE120_base_ls1p25,19,7778.947384457674,21
M1c,VRE120_base_ls1p25,20,6689.7115869576755,19
M2,VRE120_base_ls1p25,1,12579.896879076914,20
M2,VRE120_base_ls1p25,2,16150.160851088433,34
M2,VRE120_base_ls1p25,3,16752.729985707683,33
M2,VRE120_base_ls1p25,4,27414.528788588435,42
M2,VRE120_base_ls1p25,5,35460.71688733844,55
M2,VRE120_base_ls1p25,6,21865.560876576914,30
M2,VRE120_base_ls1p25,7,15039.83211440382,33
M2,VRE120_base_ls1p25,8,6277.411622011523,15
M2,VRE120_base_ls1p25,9,1854.287079946147,7
M2,VRE120_base_ls1p25,10,3038.5296678269124,9
M2,VRE120_base_ls1p25,11,17928.88829440382,32
M2,VRE120_base_ls1p25,12,3526.10275951153,6
M2,VRE120_base_ls1p25,13,6758.997118642288,18
M2,VRE120_base_ls1p25,14,6424.4449411961505,15
M2,VRE120_base_ls1p25,15,29998.46437858844,50
M2,VRE120_base_ls1p25,16,4657.042967826906,15
M2,VRE120_base_ls1p25,17,2206.04393619615,6
M2,VRE120_base_ls1p25,18,13192.294199457676,22
M2,VRE120_base_ls1p25,19,7778.947384457677,19
M2,VRE120_base_ls1p25,20,6689.7115869576755,21
M3,VRE120_base_ls1p25,1,12579.896879076914,22
M3,VRE120_base_ls1p25,2,16150.160851088429,35
M3,VRE120_base_ls1p25,3,16752.729985707687,30
M3,VRE120_base_ls1p25,4,27414.528788588435,41
M3,VRE120_base_ls1p25,5,35460.71688733844,49
M3,VRE120_base_ls1p25,6,21865.560876576914,33
M3,VRE120_base_ls1p25,7,15039.83211440382,35
M3,VRE120_base_ls1p25,8,6277.411622011523,15
M3,VRE120_base_ls1p25,9,1854.2870799461473,9
M3,VRE120_base_ls1p25,10,3038.5296678269124,12
M3,VRE120_base_ls1p25,11,17928.888294403823,35
M3,VRE120_base_ls1p25,12,3526.1027595115297,11
M3,VRE120_base_ls1p25,13,6758.997118642288,18
M3,VRE120_base_ls1p25,14,6424.4449411961505,14
M3,VRE120_base_ls1p25,15,29998.46437858844,47
M3,VRE120_base_ls1p25,16,4657.042967826906,14
M3,VRE120_base_ls1p25,17,2206.043936196149,6
M3,VRE120_base_ls1p25,18,13192.294199457674,29
M3,VRE120_base_ls1p25,19,7778.947384457675,21
M3,VRE120_base_ls1p25,20,6689.7115869576755,19
M1c,VRE120_base_pwr0p5x,1,8654.731640563445,23
M1c,VRE120_base_pwr0p5x,2,10792.750149028812,39
M1c,VRE120_base_pwr0p5x,3,11968.210871796124,34
M1c,VRE120_base_pwr0p5x,4,19618.4940798615,46
M1c,VRE120_base_pwr0p5x,5,25513.81454749418,55
M1c,VRE120_base_pwr0p5x,6,17025.849722563442,35
M1c,VRE120_base_pwr0p5x,7,9368.12051176343,38
M1c,VRE120_base_pwr0p5x,8,4148.144227698061,21
M1c,VRE120_base_pwr0p5x,9,1035.6534300653775,8
M1c,VRE120_base_pwr0p5x,10,1729.1672776980722,15
M1c,VRE120_base_pwr0p5x,11,12146.437944163426,37
M1c,VRE120_base_pwr0p5x,12,2197.7679376980695,13
M1c,VRE120_base_pwr0p5x,13,4214.204682898057,21
M1c,VRE120_base_pwr0p5x,14,4216.937878865374,14
M1c,VRE120_base_pwr0p5x,15,21546.591648854184,46
M1c,VRE120_base_pwr0p5x,16,3168.2355804980625,15
M1c,VRE120_base_pwr0p5x,17,731.2244152653766,7
M1c,VRE120_base_pwr0p5x,18,9189.99130259612,34
M1c,VRE120_base_pwr0p5x,19,3994.57985136343,25
M1c,VRE120_base_pwr0p5x,20,4141.924618898059,22
M2,VRE120_base_pwr0p5x,1,8654.731640563437,22
M2,VRE120_base_pwr0p5x,2,10792.750149028805,39
M2,VRE120_base_pwr0p5x,3,11968.210871796127,35
M2,VRE120_base_pwr0p5x,4,19618.494079861503,49
M2,VRE120_base_pwr0p5x,5,25513.814547494178,56
M2,VRE120_base_pwr0p5x,6,17025.849722563435,37
M2,VRE120_base_pwr0p5x,7,9368.120511763424,42
M2,VRE120_base_pwr0p5x,8,4148.144227698058,20
M2,VRE120_base_pwr0p5x,9,1035.6534300653784,7
M2,VRE120_base_pwr0p5x,10,1729.1672776980677,13
M2,VRE120_base_pwr0p5x,11,12146.437944163432,36
M2,VRE120_base_pwr0p5x,12,2197.767937698066,13
M2,VRE120_base_pwr0p5x,13,4214.204682898057,20
M2,VRE120_base_pwr0p5x,14,4216.937878865373,13
M2,VRE120_base_pwr0p5x,15,21546.591648854184,47
M2,VRE120_base_pwr0p5x,16,3168.2355804980625,10
M2,VRE120_base_pwr0p5x,17,731.2244152653748,7
M2,VRE120_base_pwr0p5x,18,9189.991302596118,30
M2,VRE120_base_pwr0p5x,19,3994.5798513634318,22
M2,VRE120_base_pwr0p5x,20,4141.9246188980605,20
M3,VRE120_base_pwr0p5x,1,8654.731640563437,23
M3,VRE120_base_pwr0p5x,2,10792.750149028809,39
M3,VRE120_base_pwr0p5x,3,11968.210871796127,34
M3,VRE120_base_pwr0p5x,4,19618.494079861503,46
M3,VRE120_base_pwr0p5x,5,25513.81454749418,55
M3,VRE120_base_pwr0p5x,6,17025.849722563435,35
M3,VRE120_base_pwr0p5x,7,9368.120511763427,38
M3,VRE120_base_pwr0p5x,8,4148.144227698058,21
M3,VRE120_base_pwr0p5x,9,1035.6534300653784,8
M3,VRE120_base_pwr0p5x,10,1729.1672776980681,15
M3,VRE120_base_pwr0p5x,11,12146.43794416343,37
M3,VRE120_base_pwr0p5x,12,2197.767937698066,13
M3,VRE120_base_pwr0p5x,13,4214.204682898058,21
M3,VRE120_base_pwr0p5x,14,4216.937878865374,14
M3,VRE120_base_pwr0p5x,15,21546.591648854188,46
M3,VRE120_base_pwr0p5x,16,3168.2355804980634,15
M3,VRE120_base_pwr0p5x,17,731.2244152653745,7
M3,VRE120_base_pwr0p5x,18,9189.99130259612,34
M3,VRE120_base_pwr0p5x,19,3994.5798513634336,25
M3,VRE120_base_pwr0p5x,20,4141.924618898061,22
M1c,VRE120_base_pwr0p5x_ls1p225,1,16585.472076361584,47
M1c,VRE120_base_pwr0p5x_ls1p225,2,22563.57052411735,68
M1c,VRE120_base_pwr0p5x_ls1p225,3,21358.476700336574,49
M1c,VRE120_base_pwr0p5x_ls1p225,4,33548.46552252506,81
M1c,VRE120_base_pwr0p5x_ls1p225,5,40759.32800819236,78
M1c,VRE120_base_pwr0p5x_ls1p225,6,26885.608104576975,58
M1c,VRE120_base_pwr0p5x_ls1p225,7,22033.555086100045,70
M1c,VRE120_base_pwr0p5x_ls1p225,8,11306.236832986566,45
M1c,VRE120_base_pwr0p5x_ls1p225,9,4850.691884413489,24
M1c,VRE120_base_pwr0p5x_ls1p225,10,7565.795332803881,35
M1c,VRE120_base_pwr0p5x_ls1p225,11,24846.45997502504,70
M1c,VRE120_base_pwr0p5x_ls1p225,12,7729.295938980797,34
M1c,VRE120_base_pwr0p5x_ls1p225,13,11622.856441636573,42
M1c,VRE120_base_pwr0p5x_ls1p225,14,9008.140829038492,30
M1c,VRE120_base_pwr0p5x_ls1p225,15,33942.58574959428,61
M1c,VRE120_base_pwr0p5x_ls1p225,16,9081.72524234618,32
M1c,VRE120_base_pwr0p5x_ls1p225,17,4932.268810546185,21
M1c,VRE120_base_pwr0p5x_ls1p225,18,19680.929322219286,58
M1c,VRE120_base_pwr0p5x_ls1p225,19,13416.302916284652,55
M1c,VRE120_base_pwr0p5x_ls1p225,20,12965.992731011582,48
M2,VRE120_base_pwr0p5x_ls1p225,1,16585.472076361573,48
M2,VRE120_base_pwr0p5x_ls1p225,2,22563.570524117356,66
M2,VRE120_base_pwr0p5x_ls1p225,3,21358.476700336578,52
M2,VRE120_base_pwr0p5x_ls1p225,4,33548.46552252506,78
M2,VRE120_base_pwr0p5x_ls1p225,5,40759.32800819236,75
M2,VRE120_base_pwr0p5x_ls1p225,6,26885.608104576968,55
M2,VRE120_base_pwr0p5x_ls1p225,7,22033.55508610005,70
M2,VRE120_base_pwr0p5x_ls1p225,8,11306.236832986566,41
M2,VRE120_base_pwr0p5x_ls1p225,9,4850.691884413487,19
M2,VRE120_base_pwr0p5x_ls1p225,10,7565.795332803883,30
M2,VRE120_base_pwr0p5x_ls1p225,11,24846.45997502504,71
M2,VRE120_base_pwr0p5x_ls1p225,12,7729.295938980793,34
M2,VRE120_base_pwr0p5x_ls1p225,13,11622.856441636575,39
M2,VRE120_base_pwr0p5x_ls1p225,14,9008.140829038486,28
M2,VRE120_base_pwr0p5x_ls1p225,15,33942.58574959427,67
M2,VRE120_base_pwr0p5x_ls1p225,16,9081.725242346178,30
M2,VRE120_base_pwr0p5x_ls1p225,17,4932.268810546178,23
M2,VRE120_base_pwr0p5x_ls1p225,18,19680.929322219283,59
M2,VRE120_base_pwr0p5x_ls1p225,19,13416.302916284656,48
M2,VRE120_base_pwr0p5x_ls1p225,20,12965.992731011582,49
M3,VRE120_base_pwr0p5x_ls1p225,1,16585.472076361577,47
M3,VRE120_base_pwr0p5x_ls1p225,2,22563.570524117353,68
M3,VRE120_base_pwr0p5x_ls1p225,3,21358.476700336578,49
M3,VRE120_base_pwr0p5x_ls1p225,4,33548.46552252506,81
M3,VRE120_base_pwr0p5x_ls1p225,5,40759.32800819237,78
M3,VRE120_base_pwr0p5x_ls1p225,6,26885.608104576975,58
M3,VRE120_base_pwr0p5x_ls1p225,7,22033.55508610005,70
M3,VRE120_base_pwr0p5x_ls1p225,8,11306.236832986566,45
M3,VRE120_base_pwr0p5x_ls1p225,9,4850.691884413487,24
M3,VRE120_base_pwr0p5x_ls1p225,10,7565.795332803883,35
M3,VRE120_base_pwr0p5x_ls1p225,11,24846.45997502505,70
M3,VRE120_base_pwr0p5x_ls1p225,12,7729.295938980793,34
M3,VRE120_base_pwr0p5x_ls1p225,13,11622.856441636575,42
M3,VRE120_base_pwr0p5x_ls1p225,14,9008.140829038486,30
M3,VRE120_base_pwr0p5x_ls1p225,15,33942.58574959427,61
M3,VRE120_base_pwr0p5x_ls1p225,16,9081.725242346178,32
M3,VRE120_base_pwr0p5x_ls1p225,17,4932.268810546179,21
M3,VRE120_base_pwr0p5x_ls1p225,18,19680.929322219283,58
M3,VRE120_base_pwr0p5x_ls1p225,19,13416.302916284656,55
M3,VRE120_base_pwr0p5x_ls1p225,20,12965.992731011582,48
M1c,VRE120_base_pwr1p0x,1,1779.4778133961363,6
M1c,VRE120_base_pwr1p0x,2,2522.2746481307568,6
M1c,VRE120_base_pwr1p0x,3,2519.0376033961284,6
M1c,VRE120_base_pwr1p0x,4,7004.091136661507,14
M1c,VRE120_base_pwr1p0x,5,9712.357466792266,24
M1c,VRE120_base_pwr1p0x,6,8239.837850261514,21
M1c,VRE120_base_pwr1p0x,7,676.5770517961282,4
M1c,VRE120_base_pwr1p0x,8,0.0,0
M1c,VRE120_base_pwr1p0x,9,0.0,0
M1c,VRE120_base_pwr1p0x,10,0.0,0
M1c,VRE120_base_pwr1p0x,11,3237.7367637307552,7
M1c,VRE120_base_pwr1p0x,12,0.0,0
M1c,VRE120_base_pwr1p0x,13,0.0,0
M1c,VRE120_base_pwr1p0x,14,839.7710056653759,2
M1c,VRE120_base_pwr1p0x,15,9853.506778661507,16
M1c,VRE120_base_pwr1p0x,16,102.97820926537406,3
M1c,VRE120_base_pwr1p0x,17,0.0,0
M1c,VRE120_base_pwr1p0x,18,3095.745364930747,10
M1c,VRE120_base_pwr1p0x,19,0.0,0
M1c,VRE120_base_pwr1p0x,20,0.0,0
M2,VRE120_base_pwr1p0x,1,1779.4778133961336,7
M2,VRE120_base_pwr1p0x,2,2522.274648130755,7
M2,VRE120_base_pwr1p0x,3,2519.037603396134,4
M2,VRE120_base_pwr1p0x,4,7004.091136661509,14
M2,VRE120_base_pwr1p0x,5,9712.357466792264,24
M2,VRE120_base_pwr1p0x,6,8239.837850261509,18
M2,VRE120_base_pwr1p0x,7,676.57705179613,3
M2,VRE120_base_pwr1p0x,8,0.0,0
M2,VRE120_base_pwr1p0x,9,0.0,0
M2,VRE120_base_pwr1p0x,10,0.0,0
M2,VRE120_base_pwr1p0x,11,3237.7367637307543,7
M2,VRE120_base_pwr1p0x,12,0.0,0
M2,VRE120_base_pwr1p0x,13,0.0,0
M2,VRE120_base_pwr1p0x,14,839.771005665375,2
M2,VRE120_base_pwr1p0x,15,9853.506778661507,17
M2,VRE120_base_pwr1p0x,16,102.97820926537497,3
M2,VRE120_base_pwr1p0x,17,0.0,0
M2,VRE120_base_pwr1p0x,18,3095.745364930748,9
M2,VRE120_base_pwr1p0x,19,0.0,0
M2,VRE120_base_pwr1p0x,20,0.0,0
M3,VRE120_base_pwr1p0x,1,1779.4778133961331,6
M3,VRE120_base_pwr1p0x,2,2522.2746481307545,6
M3,VRE120_base_pwr1p0x,3,2519.0376033961334,6
M3,VRE120_base_pwr1p0x,4,7004.091136661509,14
M3,VRE120_base_pwr1p0x,5,9712.357466792264,24
M3,VRE120_base_pwr1p0x,6,8239.83785026151,21
M3,VRE120_base_pwr1p0x,7,676.5770517961292,4
M3,VRE120_base_pwr1p0x,8,0.0,0
M3,VRE120_base_pwr1p0x,9,0.0,0
M3,VRE120_base_pwr1p0x,10,0.0,0
M3,VRE120_base_pwr1p0x,11,3237.736763730755,7
M3,VRE120_base_pwr1p0x,12,0.0,0
M3,VRE120_base_pwr1p0x,13,0.0,0
M3,VRE120_base_pwr1p0x,14,839.7710056653752,2
M3,VRE120_base_pwr1p0x,15,9853.506778661507,16
M3,VRE120_base_pwr1p0x,16,102.97820926537509,3
M3,VRE120_base_pwr1p0x,17,0.0,0
M3,VRE120_base_pwr1p0x,18,3095.745364930748,10
M3,VRE120_base_pwr1p0x,19,0.0,0
M3,VRE120_base_pwr1p0x,20,0.0,0
M1c,VRE120_base_pwr2p0x,1,0.0,0
M1c,VRE120_base_pwr2p0x,2,0.0,0
M1c,VRE120_base_pwr2p0x,3,0.0,0
M1c,VRE120_base_pwr2p0x,4,0.0,0
M1c,VRE120_base_pwr2p0x,5,0.0,0
M1c,VRE120_base_pwr2p0x,6,0.0,0
M1c,VRE120_base_pwr2p0x,7,0.0,0
M1c,VRE120_base_pwr2p0x,8,0.0,0
M1c,VRE120_base_pwr2p0x,9,0.0,0
M1c,VRE120_base_pwr2p0x,10,0.0,0
M1c,VRE120_base_pwr2p0x,11,0.0,0
M1c,VRE120_base_pwr2p0x,12,0.0,0
M1c,VRE120_base_pwr2p0x,13,0.0,0
M1c,VRE120_base_pwr2p0x,14,0.0,0
M1c,VRE120_base_pwr2p0x,15,841.7958225307566,2
M1c,VRE120_base_pwr2p0x,16,0.0,0
M1c,VRE120_base_pwr2p0x,17,0.0,0
M1c,VRE120_base_pwr2p0x,18,0.0,0
M1c,VRE120_base_pwr2p0x,19,0.0,0
M1c,VRE120_base_pwr2p0x,20,0.0,0
M2,VRE120_base_pwr2p0x,1,0.0,0
M2,VRE120_base_pwr2p0x,2,0.0,0
M2,VRE120_base_pwr2p0x,3,0.0,0
M2,VRE120_base_pwr2p0x,4,0.0,0
M2,VRE120_base_pwr2p0x,5,0.0,0
M2,VRE120_base_pwr2p0x,6,0.0,0
M2,VRE120_base_pwr2p0x,7,0.0,0
M2,VRE120_base_pwr2p0x,8,0.0,0
M2,VRE120_base_pwr2p0x,9,0.0,0
M2,VRE120_base_pwr2p0x,10,0.0,0
M2,VRE120_base_pwr2p0x,11,0.0,0
M2,VRE120_base_pwr2p0x,12,0.0,0
M2,VRE120_base_pwr2p0x,13,0.0,0
M2,VRE120_base_pwr2p0x,14,0.0,0
M2,VRE120_base_pwr2p0x,15,841.7958225307566,1
M2,VRE120_base_pwr2p0x,16,0.0,0
M2,VRE120_base_pwr2p0x,17,0.0,0
M2,VRE120_base_pwr2p0x,18,0.0,0
M2,VRE120_base_pwr2p0x,19,0.0,0
M2,VRE120_base_pwr2p0x,20,0.0,0
M3,VRE120_base_pwr2p0x,1,0.0,0
M3,VRE120_base_pwr2p0x,2,0.0,0
M3,VRE120_base_pwr2p0x,3,0.0,0
M3,VRE120_base_pwr2p0x,4,0.0,0
M3,VRE120_base_pwr2p0x,5,0.0,0
M3,VRE120_base_pwr2p0x,6,0.0,0
M3,VRE120_base_pwr2p0x,7,0.0,0
M3,VRE120_base_pwr2p0x,8,0.0,0
M3,VRE120_base_pwr2p0x,9,0.0,0
M3,VRE120_base_pwr2p0x,10,0.0,0
M3,VRE120_base_pwr2p0x,11,0.0,0
M3,VRE120_base_pwr2p0x,12,0.0,0
M3,VRE120_base_pwr2p0x,13,0.0,0
M3,VRE120_base_pwr2p0x,14,0.0,0
M3,VRE120_base_pwr2p0x,15,841.7958225307566,2
M3,VRE120_base_pwr2p0x,16,0.0,0
M3,VRE120_base_pwr2p0x,17,0.0,0
M3,VRE120_base_pwr2p0x,18,0.0,0
M3,VRE120_base_pwr2p0x,19,0.0,0
M3,VRE120_base_pwr2p0x,20,0.0,0
M1c,VRE120_wind_hvy_dur12h,1,0.0,0
M1c,VRE120_wind_hvy_dur12h,2,0.0,0
M1c,VRE120_wind_hvy_dur12h,3,0.0,0
M1c,VRE120_wind_hvy_dur12h,4,663.0962135999971,5
M1c,VRE120_wind_hvy_dur12h,5,658.0076767999972,7
M1c,VRE120_wind_hvy_dur12h,6,705.3139155999979,5
M1c,VRE120_wind_hvy_dur12h,7,0.0,0
M1c,VRE120_wind_hvy_dur12h,8,0.0,0
M1c,VRE120_wind_hvy_dur12h,9,0.0,0
M1c,VRE120_wind_hvy_dur12h,10,0.0,0
M1c,VRE120_wind_hvy_dur12h,11,29.200906799998847,1
M1c,VRE120_wind_hvy_dur12h,12,0.0,0
M1c,VRE120_wind_hvy_dur12h,13,0.0,0
M1c,VRE120_wind_hvy_dur12h,14,0.0,0
M1c,VRE120_wind_hvy_dur12h,15,1563.508769199998,5
M1c,VRE120_wind_hvy_dur12h,16,0.0,0
M1c,VRE120_wind_hvy_dur12h,17,0.0,0
M1c,VRE120_wind_hvy_dur12h,18,159.3098683999997,1
M1c,VRE120_wind_hvy_dur12h,19,0.0,0
M1c,VRE120_wind_hvy_dur12h,20,0.0,0
M2,VRE120_wind_hvy_dur12h,1,0.0,0
M2,VRE120_wind_hvy_dur12h,2,0.0,0
M2,VRE120_wind_hvy_dur12h,3,0.0,0
M2,VRE120_wind_hvy_dur12h,4,663.0962135999971,5
M2,VRE120_wind_hvy_dur12h,5,658.0076767999972,7
M2,VRE120_wind_hvy_dur12h,6,705.3139155999979,5
M2,VRE120_wind_hvy_dur12h,7,0.0,0
M2,VRE120_wind_hvy_dur12h,8,0.0,0
M2,VRE120_wind_hvy_dur12h,9,0.0,0
M2,VRE120_wind_hvy_dur12h,10,0.0,0
M2,VRE120_wind_hvy_dur12h,11,29.200906799998847,1
M2,VRE120_wind_hvy_dur12h,12,0.0,0
M2,VRE120_wind_hvy_dur12h,13,0.0,0
M2,VRE120_wind_hvy_dur12h,14,0.0,0
M2,VRE120_wind_hvy_dur12h,15,1563.5087691999952,5
M2,VRE120_wind_hvy_dur12h,16,0.0,0
M2,VRE120_wind_hvy_dur12h,17,0.0,0
M2,VRE120_wind_hvy_dur12h,18,159.3098683999997,1
M2,VRE120_wind_hvy_dur12h,19,0.0,0
M2,VRE120_wind_hvy_dur12h,20,0.0,0
M3,VRE120_wind_hvy_dur12h,1,0.0,0
M3,VRE120_wind_hvy_dur12h,2,0.0,0
M3,VRE120_wind_hvy_dur12h,3,0.0,0
M3,VRE120_wind_hvy_dur12h,4,663.0962135999971,5
M3,VRE120_wind_hvy_dur12h,5,658.0076767999972,7
M3,VRE120_wind_hvy_dur12h,6,705.3139155999979,5
M3,VRE120_wind_hvy_dur12h,7,0.0,0
M3,VRE120_wind_hvy_dur12h,8,0.0,0
M3,VRE120_wind_hvy_dur12h,9,0.0,0
M3,VRE120_wind_hvy_dur12h,10,0.0,0
M3,VRE120_wind_hvy_dur12h,11,29.200906799998847,1
M3,VRE120_wind_hvy_dur12h,12,0.0,0
M3,VRE120_wind_hvy_dur12h,13,0.0,0
M3,VRE120_wind_hvy_dur12h,14,0.0,0
M3,VRE120_wind_hvy_dur12h,15,1563.5087691999952,5
M3,VRE120_wind_hvy_dur12h,16,0.0,0
M3,VRE120_wind_hvy_dur12h,17,0.0,0
M3,VRE120_wind_hvy_dur12h,18,159.3098683999997,1
M3,VRE120_wind_hvy_dur12h,19,0.0,0
M3,VRE120_wind_hvy_dur12h,20,0.0,0
M1c,VRE120_wind_hvy_dur2h,1,4124.295366498065,8
M1c,VRE120_wind_hvy_dur2h,2,2586.4546632980637,6
M1c,VRE120_wind_hvy_dur2h,3,4100.397104130753,12
M1c,VRE120_wind_hvy_dur2h,4,4980.944382690751,11
M1c,VRE120_wind_hvy_dur2h,5,10292.226154228814,20
M1c,VRE120_wind_hvy_dur2h,6,7802.34817096344,16
M1c,VRE120_wind_hvy_dur2h,7,2596.2987304980616,8
M1c,VRE120_wind_hvy_dur2h,8,1048.8959772653734,4
M1c,VRE120_wind_hvy_dur2h,9,143.9448004326905,1
M1c,VRE120_wind_hvy_dur2h,10,0.0,0
M1c,VRE120_wind_hvy_dur2h,11,4076.0234149307507,10
M1c,VRE120_wind_hvy_dur2h,12,0.0,0
M1c,VRE120_wind_hvy_dur2h,13,640.1870348653738,2
M1c,VRE120_wind_hvy_dur2h,14,157.48495403268498,1
M1c,VRE120_wind_hvy_dur2h,15,9191.04457533075,14
M1c,VRE120_wind_hvy_dur2h,16,405.2581440326867,1
M1c,VRE120_wind_hvy_dur2h,17,0.0,0
M1c,VRE120_wind_hvy_dur2h,18,4210.20415769806,8
M1c,VRE120_wind_hvy_dur2h,19,816.6555492653752,4
M1c,VRE120_wind_hvy_dur2h,20,643.3795480653744,3
M2,VRE120_wind_hvy_dur2h,1,4124.2953664980605,8
M2,VRE120_wind_hvy_dur2h,2,2586.454663298058,7
M2,VRE120_wind_hvy_dur2h,3,4100.397104130749,11
M2,VRE120_wind_hvy_dur2h,4,4980.944382690747,10
M2,VRE120_wind_hvy_dur2h,5,10292.226154228812,16
M2,VRE120_wind_hvy_dur2h,6,7802.348170963438,17
M2,VRE120_wind_hvy_dur2h,7,2596.298730498059,8
M2,VRE120_wind_hvy_dur2h,8,1048.8959772653716,3
M2,VRE120_wind_hvy_dur2h,9,143.94480043268868,1
M2,VRE120_wind_hvy_dur2h,10,0.0,0
M2,VRE120_wind_hvy_dur2h,11,4076.0234149307444,8
M2,VRE120_wind_hvy_dur2h,12,0.0,0
M2,VRE120_wind_hvy_dur2h,13,640.1870348653738,2
M2,VRE120_wind_hvy_dur2h,14,157.4849540326868,1
M2,VRE120_wind_hvy_dur2h,15,9191.044575330747,14
M2,VRE120_wind_hvy_dur2h,16,405.2581440326858,2
M2,VRE120_wind_hvy_dur2h,17,0.0,0
M2,VRE120_wind_hvy_dur2h,18,4210.204157698059,9
M2,VRE120_wind_hvy_dur2h,19,816.6555492653706,3
M2,VRE120_wind_hvy_dur2h,20,643.3795480653716,3
M3,VRE120_wind_hvy_dur2h,1,4124.295366498061,8
M3,VRE120_wind_hvy_dur2h,2,2586.4546632980596,6
M3,VRE120_wind_hvy_dur2h,3,4100.3971041307495,12
M3,VRE120_wind_hvy_dur2h,4,4980.944382690747,11
M3,VRE120_wind_hvy_dur2h,5,10292.226154228814,20
M3,VRE120_wind_hvy_dur2h,6,7802.348170963438,16
M3,VRE120_wind_hvy_dur2h,7,2596.2987304980597,8
M3,VRE120_wind_hvy_dur2h,8,1048.8959772653716,4
M3,VRE120_wind_hvy_dur2h,9,143.94480043268905,1
M3,VRE120_wind_hvy_dur2h,10,0.0,0
M3,VRE120_wind_hvy_dur2h,11,4076.023414930746,10
M3,VRE120_wind_hvy_dur2h,12,0.0,0
M3,VRE120_wind_hvy_dur2h,13,640.1870348653746,2
M3,VRE120_wind_hvy_dur2h,14,157.48495403268714,1
M3,VRE120_wind_hvy_dur2h,15,9191.044575330747,14
M3,VRE120_wind_hvy_dur2h,16,405.2581440326861,1
M3,VRE120_wind_hvy_dur2h,17,0.0,0
M3,VRE120_wind_hvy_dur2h,18,4210.20415769806,8
M3,VRE120_wind_hvy_dur2h,19,816.6555492653715,4
M3,VRE120_wind_hvy_dur2h,20,643.3795480653724,3
M1c,VRE120_wind_hvy_dur4h,1,514.140354865377,2
M1c,VRE120_wind_hvy_dur4h,2,537.140354865377,2
M1c,VRE120_wind_hvy_dur4h,3,0.0,0
M1c,VRE120_wind_hvy_dur4h,4,1722.006702065376,7
M1c,VRE120_wind_hvy_dur4h,5,2792.631010996136,11
M1c,VRE120_wind_hvy_dur4h,6,1513.2404797307554,9
M1c,VRE120_wind_hvy_dur4h,7,0.0,0
M1c,VRE120_wind_hvy_dur4h,8,0.0,0
M1c,VRE120_wind_hvy_dur4h,9,0.0,0
M1c,VRE120_wind_hvy_dur4h,10,0.0,0
M1c,VRE120_wind_hvy_dur4h,11,814.8024704653772,3
M1c,VRE120_wind_hvy_dur4h,12,0.0,0
M1c,VRE120_wind_hvy_dur4h,13,0.0,0
M1c,VRE120_wind_hvy_dur4h,14,0.0,0
M1c,VRE120_wind_hvy_dur4h,15,4264.14393053075,8
M1c,VRE120_wind_hvy_dur4h,16,0.0,0
M1c,VRE120_wind_hvy_dur4h,17,0.0,0
M1c,VRE120_wind_hvy_dur4h,18,806.6320024653751,3
M1c,VRE120_wind_hvy_dur4h,19,0.0,0
M1c,VRE120_wind_hvy_dur4h,20,0.0,0
M2,VRE120_wind_hvy_dur4h,1,514.1403548653743,1
M2,VRE120_wind_hvy_dur4h,2,537.1403548653743,2
M2,VRE120_wind_hvy_dur4h,3,0.0,0
M2,VRE120_wind_hvy_dur4h,4,1722.0067020653742,6
M2,VRE120_wind_hvy_dur4h,5,2792.631010996133,10
M2,VRE120_wind_hvy_dur4h,6,1513.2404797307545,6
M2,VRE120_wind_hvy_dur4h,7,0.0,0
M2,VRE120_wind_hvy_dur4h,8,0.0,0
M2,VRE120_wind_hvy_dur4h,9,0.0,0
M2,VRE120_wind_hvy_dur4h,10,0.0,0
M2,VRE120_wind_hvy_dur4h,11,814.8024704653744,3
M2,VRE120_wind_hvy_dur4h,12,0.0,0
M2,VRE120_wind_hvy_dur4h,13,0.0,0
M2,VRE120_wind_hvy_dur4h,14,0.0,0
M2,VRE120_wind_hvy_dur4h,15,4264.143930530749,9
M2,VRE120_wind_hvy_dur4h,16,0.0,0
M2,VRE120_wind_hvy_dur4h,17,0.0,0
M2,VRE120_wind_hvy_dur4h,18,806.632002465376,2
M2,VRE120_wind_hvy_dur4h,19,0.0,0
M2,VRE120_wind_hvy_dur4h,20,0.0,0
M3,VRE120_wind_hvy_dur4h,1,514.1403548653742,2
M3,VRE120_wind_hvy_dur4h,2,537.1403548653741,2
M3,VRE120_wind_hvy_dur4h,3,0.0,0
M3,VRE120_wind_hvy_dur4h,4,1722.0067020653742,7
M3,VRE120_wind_hvy_dur4h,5,2792.6310109961328,11
M3,VRE120_wind_hvy_dur4h,6,1513.240479730754,9
M3,VRE120_wind_hvy_dur4h,7,0.0,0
M3,VRE120_wind_hvy_dur4h,8,0.0,0
M3,VRE120_wind_hvy_dur4h,9,0.0,0
M3,VRE120_wind_hvy_dur4h,10,0.0,0
M3,VRE120_wind_hvy_dur4h,11,814.802470465374,3
M3,VRE120_wind_hvy_dur4h,12,0.0,0
M3,VRE120_wind_hvy_dur4h,13,0.0,0
M3,VRE120_wind_hvy_dur4h,14,0.0,0
M3,VRE120_wind_hvy_dur4h,15,4264.143930530749,8
M3,VRE120_wind_hvy_dur4h,16,0.0,0
M3,VRE120_wind_hvy_dur4h,17,0.0,0
M3,VRE120_wind_hvy_dur4h,18,806.632002465376,3
M3,VRE120_wind_hvy_dur4h,19,0.0,0
M3,VRE120_wind_hvy_dur4h,20,0.0,0
M1c,VRE120_wind_hvy_dur8h,1,0.0,0
M1c,VRE120_wind_hvy_dur8h,2,0.0,0
M1c,VRE120_wind_hvy_dur8h,3,0.0,0
M1c,VRE120_wind_hvy_dur8h,4,663.0962135999971,5
M1c,VRE120_wind_hvy_dur8h,5,658.0076767999972,7
M1c,VRE120_wind_hvy_dur8h,6,705.3139155999979,5
M1c,VRE120_wind_hvy_dur8h,7,0.0,0
M1c,VRE120_wind_hvy_dur8h,8,0.0,0
M1c,VRE120_wind_hvy_dur8h,9,0.0,0
M1c,VRE120_wind_hvy_dur8h,10,0.0,0
M1c,VRE120_wind_hvy_dur8h,11,29.200906799998847,1
M1c,VRE120_wind_hvy_dur8h,12,0.0,0
M1c,VRE120_wind_hvy_dur8h,13,0.0,0
M1c,VRE120_wind_hvy_dur8h,14,0.0,0
M1c,VRE120_wind_hvy_dur8h,15,1563.508769199998,5
M1c,VRE120_wind_hvy_dur8h,16,0.0,0
M1c,VRE120_wind_hvy_dur8h,17,0.0,0
M1c,VRE120_wind_hvy_dur8h,18,159.3098683999997,1
M1c,VRE120_wind_hvy_dur8h,19,0.0,0
M1c,VRE120_wind_hvy_dur8h,20,0.0,0
M2,VRE120_wind_hvy_dur8h,1,0.0,0
M2,VRE120_wind_hvy_dur8h,2,0.0,0
M2,VRE120_wind_hvy_dur8h,3,0.0,0
M2,VRE120_wind_hvy_dur8h,4,663.0962135999971,5
M2,VRE120_wind_hvy_dur8h,5,658.0076767999972,7
M2,VRE120_wind_hvy_dur8h,6,705.3139155999979,5
M2,VRE120_wind_hvy_dur8h,7,0.0,0
M2,VRE120_wind_hvy_dur8h,8,0.0,0
M2,VRE120_wind_hvy_dur8h,9,0.0,0
M2,VRE120_wind_hvy_dur8h,10,0.0,0
M2,VRE120_wind_hvy_dur8h,11,29.200906799998847,1
M2,VRE120_wind_hvy_dur8h,12,0.0,0
M2,VRE120_wind_hvy_dur8h,13,0.0,0
M2,VRE120_wind_hvy_dur8h,14,0.0,0
M2,VRE120_wind_hvy_dur8h,15,1563.5087691999952,5
M2,VRE120_wind_hvy_dur8h,16,0.0,0
M2,VRE120_wind_hvy_dur8h,17,0.0,0
M2,VRE120_wind_hvy_dur8h,18,159.3098683999997,1
M2,VRE120_wind_hvy_dur8h,19,0.0,0
M2,VRE120_wind_hvy_dur8h,20,0.0,0
M3,VRE120_wind_hvy_dur8h,1,0.0,0
M3,VRE120_wind_hvy_dur8h,2,0.0,0
M3,VRE120_wind_hvy_dur8h,3,0.0,0
M3,VRE120_wind_hvy_dur8h,4,663.0962135999971,5
M3,VRE120_wind_hvy_dur8h,5,658.0076767999972,7
M3,VRE120_wind_hvy_dur8h,6,705.3139155999979,5
M3,VRE120_wind_hvy_dur8h,7,0.0,0
M3,VRE120_wind_hvy_dur8h,8,0.0,0
M3,VRE120_wind_hvy_dur8h,9,0.0,0
M3,VRE120_wind_hvy_dur8h,10,0.0,0
M3,VRE120_wind_hvy_dur8h,11,29.200906799998847,1
M3,VRE120_wind_hvy_dur8h,12,0.0,0
M3,VRE120_wind_hvy_dur8h,13,0.0,0
M3,VRE120_wind_hvy_dur8h,14,0.0,0
M3,VRE120_wind_hvy_dur8h,15,1563.5087691999952,5
M3,VRE120_wind_hvy_dur8h,16,0.0,0
M3,VRE120_wind_hvy_dur8h,17,0.0,0
M3,VRE120_wind_hvy_dur8h,18,159.3098683999997,1
M3,VRE120_wind_hvy_dur8h,19,0.0,0
M3,VRE120_wind_hvy_dur8h,20,0.0,0
M1c,VRE120_wind_hvy_pwr0p5x,1,4340.163467665373,12
M1c,VRE120_wind_hvy_pwr0p5x,2,3326.84817803268,14
M1c,VRE120_wind_hvy_pwr0p5x,3,4223.12103453075,18
M1c,VRE120_wind_hvy_pwr0p5x,4,5831.411451025371,17
M1c,VRE120_wind_hvy_pwr0p5x,5,10645.331085396123,27
M1c,VRE120_wind_hvy_pwr0p5x,6,7802.34817096344,20
M1c,VRE120_wind_hvy_pwr0p5x,7,3170.96206126537,14
M1c,VRE120_wind_hvy_pwr0p5x,8,1295.2680980653704,9
M1c,VRE120_wind_hvy_pwr0p5x,9,339.38070479999897,3
M1c,VRE120_wind_hvy_pwr0p5x,10,477.4423223999984,3
M1c,VRE120_wind_hvy_pwr0p5x,11,4496.6412248980605,17
M1c,VRE120_wind_hvy_pwr0p5x,12,125.47395159999724,3
M1c,VRE120_wind_hvy_pwr0p5x,13,1001.5348279999998,5
M1c,VRE120_wind_hvy_pwr0p5x,14,157.4849540326868,2
M1c,VRE120_wind_hvy_pwr0p5x,15,9449.259802898056,22
M1c,VRE120_wind_hvy_pwr0p5x,16,727.3609431999957,6
M1c,VRE120_wind_hvy_pwr0p5x,17,63.137146799999755,2
M1c,VRE120_wind_hvy_pwr0p5x,18,4329.169337698057,14
M1c,VRE120_wind_hvy_pwr0p5x,19,1070.4715468326858,7
M1c,VRE120_wind_hvy_pwr0p5x,20,1031.1145208653743,11
M2,VRE120_wind_hvy_pwr0p5x,1,4340.163467665371,13
M2,VRE120_wind_hvy_pwr0p5x,2,3326.8481780326783,15
M2,VRE120_wind_hvy_pwr0p5x,3,4223.121034530747,15
M2,VRE120_wind_hvy_pwr0p5x,4,5831.411451025367,16
M2,VRE120_wind_hvy_pwr0p5x,5,10645.331085396123,27
M2,VRE120_wind_hvy_pwr0p5x,6,7802.348170963437,19
M2,VRE120_wind_hvy_pwr0p5x,7,3170.962061265368,16
M2,VRE120_wind_hvy_pwr0p5x,8,1295.2680980653695,8
M2,VRE120_wind_hvy_pwr0p5x,9,339.38070479999897,3
M2,VRE120_wind_hvy_pwr0p5x,10,477.4423223999993,3
M2,VRE120_wind_hvy_pwr0p5x,11,4496.641224898056,16
M2,VRE120_wind_hvy_pwr0p5x,12,125.47395159999814,3
M2,VRE120_wind_hvy_pwr0p5x,13,1001.5348279999998,5
M2,VRE120_wind_hvy_pwr0p5x,14,157.4849540326868,2
M2,VRE120_wind_hvy_pwr0p5x,15,9449.259802898057,21
M2,VRE120_wind_hvy_pwr0p5x,16,727.3609431999957,6
M2,VRE120_wind_hvy_pwr0p5x,17,63.137146799998845,2
M2,VRE120_wind_hvy_pwr0p5x,18,4329.1693376980575,15
M2,VRE120_wind_hvy_pwr0p5x,19,1070.471546832684,6
M2,VRE120_wind_hvy_pwr0p5x,20,1031.1145208653707,11
M3,VRE120_wind_hvy_pwr0p5x,1,4340.163467665371,12
M3,VRE120_wind_hvy_pwr0p5x,2,3326.848178032679,14
M3,VRE120_wind_hvy_pwr0p5x,3,4223.121034530748,18
M3,VRE120_wind_hvy_pwr0p5x,4,5831.411451025367,17
M3,VRE120_wind_hvy_pwr0p5x,5,10645.331085396123,27
M3,VRE120_wind_hvy_pwr0p5x,6,7802.348170963438,20
M3,VRE120_wind_hvy_pwr0p5x,7,3170.962061265369,14
M3,VRE120_wind_hvy_pwr0p5x,8,1295.2680980653695,9
M3,VRE120_wind_hvy_pwr0p5x,9,339.38070479999897,3
M3,VRE120_wind_hvy_pwr0p5x,10,477.4423223999993,3
M3,VRE120_wind_hvy_pwr0p5x,11,4496.641224898057,17
M3,VRE120_wind_hvy_pwr0p5x,12,125.47395159999814,3
M3,VRE120_wind_hvy_pwr0p5x,13,1001.5348279999998,5
M3,VRE120_wind_hvy_pwr0p5x,14,157.4849540326871,2
M3,VRE120_wind_hvy_pwr0p5x,15,9449.259802898057,22
M3,VRE120_wind_hvy_pwr0p5x,16,727.3609431999957,6
M3,VRE120_wind_hvy_pwr0p5x,17,63.137146799998845,2
M3,VRE120_wind_hvy_pwr0p5x,18,4329.1693376980575,14
M3,VRE120_wind_hvy_pwr0p5x,19,1070.471546832683,7
M3,VRE120_wind_hvy_pwr0p5x,20,1031.1145208653713,11
M1c,VRE120_wind_hvy_pwr1p0x,1,514.140354865377,2
M1c,VRE120_wind_hvy_pwr1p0x,2,537.140354865377,2
M1c,VRE120_wind_hvy_pwr1p0x,3,0.0,0
M1c,VRE120_wind_hvy_pwr1p0x,4,1722.006702065376,7
M1c,VRE120_wind_hvy_pwr1p0x,5,2792.631010996136,11
M1c,VRE120_wind_hvy_pwr1p0x,6,1513.2404797307554,9
M1c,VRE120_wind_hvy_pwr1p0x,7,0.0,0
M1c,VRE120_wind_hvy_pwr1p0x,8,0.0,0
M1c,VRE120_wind_hvy_pwr1p0x,9,0.0,0
M1c,VRE120_wind_hvy_pwr1p0x,10,0.0,0
M1c,VRE120_wind_hvy_pwr1p0x,11,814.8024704653772,3
M1c,VRE120_wind_hvy_pwr1p0x,12,0.0,0
M1c,VRE120_wind_hvy_pwr1p0x,13,0.0,0
M1c,VRE120_wind_hvy_pwr1p0x,14,0.0,0
M1c,VRE120_wind_hvy_pwr1p0x,15,4264.14393053075,8
M1c,VRE120_wind_hvy_pwr1p0x,16,0.0,0
M1c,VRE120_wind_hvy_pwr1p0x,17,0.0,0
M1c,VRE120_wind_hvy_pwr1p0x,18,806.6320024653751,3
M1c,VRE120_wind_hvy_pwr1p0x,19,0.0,0
M1c,VRE120_wind_hvy_pwr1p0x,20,0.0,0
M2,VRE120_wind_hvy_pwr1p0x,1,514.1403548653743,1
M2,VRE120_wind_hvy_pwr1p0x,2,537.1403548653743,2
M2,VRE120_wind_hvy_pwr1p0x,3,0.0,0
M2,VRE120_wind_hvy_pwr1p0x,4,1722.0067020653742,6
M2,VRE120_wind_hvy_pwr1p0x,5,2792.631010996133,10
M2,VRE120_wind_hvy_pwr1p0x,6,1513.2404797307545,6
M2,VRE120_wind_hvy_pwr1p0x,7,0.0,0
M2,VRE120_wind_hvy_pwr1p0x,8,0.0,0
M2,VRE120_wind_hvy_pwr1p0x,9,0.0,0
M2,VRE120_wind_hvy_pwr1p0x,10,0.0,0
M2,VRE120_wind_hvy_pwr1p0x,11,814.8024704653744,3
M2,VRE120_wind_hvy_pwr1p0x,12,0.0,0
M2,VRE120_wind_hvy_pwr1p0x,13,0.0,0
M2,VRE120_wind_hvy_pwr1p0x,14,0.0,0
M2,VRE120_wind_hvy_pwr1p0x,15,4264.143930530749,9
M2,VRE120_wind_hvy_pwr1p0x,16,0.0,0
M2,VRE120_wind_hvy_pwr1p0x,17,0.0,0
M2,VRE120_wind_hvy_pwr1p0x,18,806.632002465376,2
M2,VRE120_wind_hvy_pwr1p0x,19,0.0,0
M2,VRE120_wind_hvy_pwr1p0x,20,0.0,0
M3,VRE120_wind_hvy_pwr1p0x,1,514.1403548653742,2
M3,VRE120_wind_hvy_pwr1p0x,2,537.1403548653741,2
M3,VRE120_wind_hvy_pwr1p0x,3,0.0,0
M3,VRE120_wind_hvy_pwr1p0x,4,1722.0067020653742,7
M3,VRE120_wind_hvy_pwr1p0x,5,2792.6310109961328,11
M3,VRE120_wind_hvy_pwr1p0x,6,1513.240479730754,9
M3,VRE120_wind_hvy_pwr1p0x,7,0.0,0
M3,VRE120_wind_hvy_pwr1p0x,8,0.0,0
M3,VRE120_wind_hvy_pwr1p0x,9,0.0,0
M3,VRE120_wind_hvy_pwr1p0x,10,0.0,0
M3,VRE120_wind_hvy_pwr1p0x,11,814.802470465374,3
M3,VRE120_wind_hvy_pwr1p0x,12,0.0,0
M3,VRE120_wind_hvy_pwr1p0x,13,0.0,0
M3,VRE120_wind_hvy_pwr1p0x,14,0.0,0
M3,VRE120_wind_hvy_pwr1p0x,15,4264.143930530749,8
M3,VRE120_wind_hvy_pwr1p0x,16,0.0,0
M3,VRE120_wind_hvy_pwr1p0x,17,0.0,0
M3,VRE120_wind_hvy_pwr1p0x,18,806.632002465376,3
M3,VRE120_wind_hvy_pwr1p0x,19,0.0,0
M3,VRE120_wind_hvy_pwr1p0x,20,0.0,0
M1c,VRE120_wind_hvy_pwr2p0x,1,0.0,0
M1c,VRE120_wind_hvy_pwr2p0x,2,0.0,0
M1c,VRE120_wind_hvy_pwr2p0x,3,0.0,0
M1c,VRE120_wind_hvy_pwr2p0x,4,0.0,0
M1c,VRE120_wind_hvy_pwr2p0x,5,0.0,0
M1c,VRE120_wind_hvy_pwr2p0x,6,0.0,0
M1c,VRE120_wind_hvy_pwr2p0x,7,0.0,0
M1c,VRE120_wind_hvy_pwr2p0x,8,0.0,0
M1c,VRE120_wind_hvy_pwr2p0x,9,0.0,0
M1c,VRE120_wind_hvy_pwr2p0x,10,0.0,0
M1c,VRE120_wind_hvy_pwr2p0x,11,0.0,0
M1c,VRE120_wind_hvy_pwr2p0x,12,0.0,0
M1c,VRE120_wind_hvy_pwr2p0x,13,0.0,0
M1c,VRE120_wind_hvy_pwr2p0x,14,0.0,0
M1c,VRE120_wind_hvy_pwr2p0x,15,10.917626930754523,1
M1c,VRE120_wind_hvy_pwr2p0x,16,0.0,0
M1c,VRE120_wind_hvy_pwr2p0x,17,0.0,0
M1c,VRE120_wind_hvy_pwr2p0x,18,0.0,0
M1c,VRE120_wind_hvy_pwr2p0x,19,0.0,0
M1c,VRE120_wind_hvy_pwr2p0x,20,0.0,0
M2,VRE120_wind_hvy_pwr2p0x,1,0.0,0
M2,VRE120_wind_hvy_pwr2p0x,2,0.0,0
M2,VRE120_wind_hvy_pwr2p0x,3,0.0,0
M2,VRE120_wind_hvy_pwr2p0x,4,0.0,0
M2,VRE120_wind_hvy_pwr2p0x,5,0.0,0
M2,VRE120_wind_hvy_pwr2p0x,6,0.0,0
M2,VRE120_wind_hvy_pwr2p0x,7,0.0,0
M2,VRE120_wind_hvy_pwr2p0x,8,0.0,0
M2,VRE120_wind_hvy_pwr2p0x,9,0.0,0
M2,VRE120_wind_hvy_pwr2p0x,10,0.0,0
M2,VRE120_wind_hvy_pwr2p0x,11,0.0,0
M2,VRE120_wind_hvy_pwr2p0x,12,0.0,0
M2,VRE120_wind_hvy_pwr2p0x,13,0.0,0
M2,VRE120_wind_hvy_pwr2p0x,14,0.0,0
M2,VRE120_wind_hvy_pwr2p0x,15,10.917626930753613,1
M2,VRE120_wind_hvy_pwr2p0x,16,0.0,0
M2,VRE120_wind_hvy_pwr2p0x,17,0.0,0
M2,VRE120_wind_hvy_pwr2p0x,18,0.0,0
M2,VRE120_wind_hvy_pwr2p0x,19,0.0,0
M2,VRE120_wind_hvy_pwr2p0x,20,0.0,0
M3,VRE120_wind_hvy_pwr2p0x,1,0.0,0
M3,VRE120_wind_hvy_pwr2p0x,2,0.0,0
M3,VRE120_wind_hvy_pwr2p0x,3,0.0,0
M3,VRE120_wind_hvy_pwr2p0x,4,0.0,0
M3,VRE120_wind_hvy_pwr2p0x,5,0.0,0
M3,VRE120_wind_hvy_pwr2p0x,6,0.0,0
M3,VRE120_wind_hvy_pwr2p0x,7,0.0,0
M3,VRE120_wind_hvy_pwr2p0x,8,0.0,0
M3,VRE120_wind_hvy_pwr2p0x,9,0.0,0
M3,VRE120_wind_hvy_pwr2p0x,10,0.0,0
M3,VRE120_wind_hvy_pwr2p0x,11,0.0,0
M3,VRE120_wind_hvy_pwr2p0x,12,0.0,0
M3,VRE120_wind_hvy_pwr2p0x,13,0.0,0
M3,VRE120_wind_hvy_pwr2p0x,14,0.0,0
M3,VRE120_wind_hvy_pwr2p0x,15,10.917626930753954,1
M3,VRE120_wind_hvy_pwr2p0x,16,0.0,0
M3,VRE120_wind_hvy_pwr2p0x,17,0.0,0
M3,VRE120_wind_hvy_pwr2p0x,18,0.0,0
M3,VRE120_wind_hvy_pwr2p0x,19,0.0,0
M3,VRE120_wind_hvy_pwr2p0x,20,0.0,0
