portfolio,scenario,solver,eue_mwh,lolh_h,obj_value,status,runtime_s
VRE120_base,1,Gurobi,1779.4778133961331,6.0,8.134962224817245e8,OPTIMAL,8.354000091552734
VRE120_base,2,Gurobi,2522.2746481307545,6.0,8.294992215951626e8,OPTIMAL,9.61299991607666
VRE120_base,3,Gurobi,2519.0376033961334,6.0,8.21600998267457e8,OPTIMAL,9.440999984741211
VRE120_base,4,Gurobi,7004.091136661509,14.0,8.686799941460447e8,OPTIMAL,8.836000204086304
VRE120_base,5,Gurobi,9712.357466792264,24.0,8.95260795738418e8,OPTIMAL,9.361999988555908
VRE120_base,6,Gurobi,8239.83785026151,21.0,8.738715304525553e8,OPTIMAL,9.491999864578247
VRE120_base,7,Gurobi,676.5770517961292,4.0,8.038203074198817e8,OPTIMAL,8.746999979019165
VRE120_base,8,Gurobi,0.0,0.0,7.942458317915175e8,OPTIMAL,9.434000015258789
VRE120_base,9,Gurobi,0.0,0.0,7.844522596734684e8,OPTIMAL,8.742000102996826
VRE120_base,10,Gurobi,0.0,0.0,7.939183128941981e8,OPTIMAL,8.41700005531311
VRE120_base,11,Gurobi,3237.736763730755,7.0,8.335526256259775e8,OPTIMAL,8.628999948501587
VRE120_base,12,Gurobi,0.0,0.0,7.915924416215167e8,OPTIMAL,9.430000066757202
VRE120_base,13,Gurobi,0.0,0.0,8.092121448200729e8,OPTIMAL,8.57800006866455
VRE120_base,14,Gurobi,839.7710056653752,2.0,7.983598659096794e8,OPTIMAL,8.664999961853027
VRE120_base,15,Gurobi,9853.506778661507,16.0,8.921690372234005e8,OPTIMAL,9.067000150680542
VRE120_base,16,Gurobi,102.97820926537509,3.0,7.951599234709244e8,OPTIMAL,9.050000190734863
VRE120_base,17,Gurobi,0.0,0.0,7.888041739364929e8,OPTIMAL,9.870000123977661
VRE120_base,18,Gurobi,3095.745364930748,10.0,8.280517186865803e8,OPTIMAL,8.778000116348267
VRE120_base,19,Gurobi,0.0,0.0,7.965211100298386e8,OPTIMAL,9.348999977111816
VRE120_base,20,Gurobi,0.0,0.0,8.06525400635835e8,OPTIMAL,9.103000164031982
VRE120_base,1,HiGHS,1779.4778133961336,7.0,8.134962224817235e8,OPTIMAL,413.6050000190735
VRE120_base,2,HiGHS,2522.274648130754,7.0,8.294992215951608e8,OPTIMAL,421.96399998664856
VRE120_base,3,HiGHS,2519.037603396134,6.0,8.216009982674549e8,OPTIMAL,429.7869999408722
VRE120_base,4,HiGHS,7004.091136661508,14.0,8.686799941460445e8,OPTIMAL,425.5659999847412
VRE120_base,5,HiGHS,9712.357466792264,25.0,8.952607957384194e8,OPTIMAL,434.029000043869
VRE120_base,6,HiGHS,8239.83785026151,15.0,8.738715304525534e8,OPTIMAL,436.50300002098083
VRE120_base,7,HiGHS,676.57705179613,3.0,8.038203074198823e8,OPTIMAL,433.3949999809265
VRE120_base,8,HiGHS,0.0,0.0,7.942458317915115e8,OPTIMAL,428.09100008010864
VRE120_base,9,HiGHS,0.0,0.0,7.84452259673467e8,OPTIMAL,403.9909999370575
VRE120_base,10,HiGHS,0.0,0.0,7.939183128941952e8,OPTIMAL,419.5329999923706
VRE120_base,11,HiGHS,3237.7367637307552,7.0,8.335526256259769e8,OPTIMAL,424.96600008010864
VRE120_base,12,HiGHS,0.0,0.0,7.91592441621515e8,OPTIMAL,415.7410001754761
VRE120_base,13,HiGHS,0.0,0.0,8.092121448200712e8,OPTIMAL,421.20499992370605
VRE120_base,14,HiGHS,839.7710056653759,2.0,7.98359865909674e8,OPTIMAL,415.7630000114441
VRE120_base,15,HiGHS,9853.506778661507,16.0,8.921690372233999e8,OPTIMAL,412.0769999027252
VRE120_base,16,HiGHS,102.97820926537497,3.0,7.951599234709208e8,OPTIMAL,428.8430001735687
VRE120_base,17,HiGHS,0.0,0.0,7.888041739364928e8,OPTIMAL,425.1710000038147
VRE120_base,18,HiGHS,3095.745364930748,9.0,8.280517186865776e8,OPTIMAL,434.69400000572205
VRE120_base,19,HiGHS,0.0,0.0,7.965211100298359e8,OPTIMAL,404.72900009155273
VRE120_base,20,HiGHS,0.0,0.0,8.065254006358341e8,OPTIMAL,404.3239998817444
VRE120_wind_hvy,1,Gurobi,514.1403548653742,2.0,5.418974021199077e8,OPTIMAL,8.030999898910522
VRE120_wind_hvy,2,Gurobi,537.1403548653741,2.0,5.490755645912877e8,OPTIMAL,8.346999883651733
VRE120_wind_hvy,3,Gurobi,0.0,0.0,5.380329379865413e8,OPTIMAL,8.414999961853027
VRE120_wind_hvy,4,Gurobi,1722.0067020653742,7.0,5.55906555761068e8,OPTIMAL,8.925000190734863
VRE120_wind_hvy,5,Gurobi,2792.6310109961328,11.0,5.674272518281599e8,OPTIMAL,9.063999891281128
VRE120_wind_hvy,6,Gurobi,1513.240479730754,9.0,5.491433257179817e8,OPTIMAL,8.681999921798706
VRE120_wind_hvy,7,Gurobi,0.0,0.0,5.36551526149647e8,OPTIMAL,8.022000074386597
VRE120_wind_hvy,8,Gurobi,0.0,0.0,5.3471603827023405e8,OPTIMAL,8.818000078201294
VRE120_wind_hvy,9,Gurobi,0.0,0.0,5.287009399183431e8,OPTIMAL,8.593999862670898
VRE120_wind_hvy,10,Gurobi,0.0,0.0,5.3527222232809436e8,OPTIMAL,8.233000040054321
VRE120_wind_hvy,11,Gurobi,814.802470465374,3.0,5.49448278525978e8,OPTIMAL,8.565000057220459
VRE120_wind_hvy,12,Gurobi,0.0,0.0,5.329586423410296e8,OPTIMAL,8.44700002670288
VRE120_wind_hvy,13,Gurobi,0.0,0.0,5.463487163950293e8,OPTIMAL,8.760999917984009
VRE120_wind_hvy,14,Gurobi,0.0,0.0,5.3123009096116596e8,OPTIMAL,8.070000171661377
VRE120_wind_hvy,15,Gurobi,4264.143930530749,8.0,5.765646925748678e8,OPTIMAL,8.224999904632568
VRE120_wind_hvy,16,Gurobi,0.0,0.0,5.345246141067667e8,OPTIMAL,8.301000118255615
VRE120_wind_hvy,17,Gurobi,0.0,0.0,5.3105956524035597e8,OPTIMAL,8.407000064849854
VRE120_wind_hvy,18,Gurobi,806.632002465376,3.0,5.446891132625707e8,OPTIMAL,8.453999996185303
VRE120_wind_hvy,19,Gurobi,0.0,0.0,5.368250613127026e8,OPTIMAL,8.483999967575073
VRE120_wind_hvy,20,Gurobi,0.0,0.0,5.455782356493999e8,OPTIMAL,8.228999853134155
VRE120_wind_hvy,1,HiGHS,514.1403548653743,1.0,5.418974021199082e8,OPTIMAL,412.7850000858307
VRE120_wind_hvy,2,HiGHS,537.1403548653743,1.0,5.490755645912896e8,OPTIMAL,401.96200013160706
VRE120_wind_hvy,3,HiGHS,0.0,0.0,5.380329379865414e8,OPTIMAL,395.93499994277954
VRE120_wind_hvy,4,HiGHS,1722.0067020653742,6.0,5.559065557610708e8,OPTIMAL,397.4599997997284
VRE120_wind_hvy,5,HiGHS,2792.631010996133,10.0,5.674272518281618e8,OPTIMAL,403.94799995422363
VRE120_wind_hvy,6,HiGHS,1513.2404797307545,8.0,5.491433257179836e8,OPTIMAL,413.625
VRE120_wind_hvy,7,HiGHS,0.0,0.0,5.365515261496448e8,OPTIMAL,403.3050000667572
VRE120_wind_hvy,8,HiGHS,0.0,0.0,5.347160382702368e8,OPTIMAL,396.54299998283386
VRE120_wind_hvy,9,HiGHS,0.0,0.0,5.287009399183443e8,OPTIMAL,397.8550000190735
VRE120_wind_hvy,10,HiGHS,0.0,0.0,5.3527222232809407e8,OPTIMAL,401.50999999046326
VRE120_wind_hvy,11,HiGHS,814.8024704653744,2.0,5.494482785259804e8,OPTIMAL,401.0859999656677
VRE120_wind_hvy,12,HiGHS,0.0,0.0,5.329586423410281e8,OPTIMAL,399.3789999485016
VRE120_wind_hvy,13,HiGHS,0.0,0.0,5.463487163950279e8,OPTIMAL,398.86500000953674
VRE120_wind_hvy,14,HiGHS,0.0,0.0,5.3123009096116656e8,OPTIMAL,400.4979999065399
VRE120_wind_hvy,15,HiGHS,4264.143930530749,8.0,5.765646925748668e8,OPTIMAL,399.7539999485016
VRE120_wind_hvy,16,HiGHS,0.0,0.0,5.3452461410676646e8,OPTIMAL,403.44799995422363
VRE120_wind_hvy,17,HiGHS,0.0,0.0,5.31059565240355e8,OPTIMAL,402.529000043869
VRE120_wind_hvy,18,HiGHS,806.632002465376,3.0,5.446891132625706e8,OPTIMAL,399.8239998817444
VRE120_wind_hvy,19,HiGHS,0.0,0.0,5.3682506131270367e8,OPTIMAL,397.99599981307983
VRE120_wind_hvy,20,HiGHS,0.0,0.0,5.455782356493983e8,OPTIMAL,400.88100004196167
