portfolio,case_label,method,paper_name,N,seed,delta_mw,eue_base_mwh,eue_storage_increment_mwh,eue_firm_increment_mwh,delta_eue_storage,delta_eue_firm,cc,cc_bootstrap_mean,cc_ci_lo,cc_ci_hi,denom_ci_lo,denom_ci_hi,denominator_status,n_bootstrap_valid,n_bootstrap_total,calibration_version,cyclic_soc_frac,code_commit
VRE120_base,Balanced VRE,MP_pure_cur,Market-pattern storage MCS,20,42,1.0,13655.080719304902,13648.465751710188,13609.080719304902,6.6149675947144715,46.0,0.14380364336335807,0.14381690791302001,0.1306179584794115,0.15692532616314847,40.248750000000015,52.04999999999927,identified,2000,2000,pattern_energy_balanced,0.231,c88914a
VRE120_base,Balanced VRE,MP_pure_cur,Market-pattern storage MCS,50,42,1.0,14746.374957528978,14739.403400250616,14698.531820937595,6.971557278362525,47.84313659138388,0.14571697792109306,0.14567780485036963,0.13919435722936857,0.15226201748778936,43.87410020003608,52.29156571527956,identified,2000,2000,pattern_energy_balanced,0.231,c88914a
VRE120_base,Balanced VRE,MP_pure_cur,Market-pattern storage MCS,100,42,1.0,14508.656351550077,14501.885102352304,14461.2968511469,6.771249197772704,47.35950040317584,0.14297552001453623,0.14298432845226636,0.1380852199681421,0.14764103020048014,44.78553634369941,50.099066422837446,identified,2000,2000,pattern_energy_balanced,0.231,c88914a
VRE120_base,Balanced VRE,MP_pure_cur,Market-pattern storage MCS,200,42,1.0,15018.975158519386,15012.104221462938,14971.235699269595,6.870937056448383,47.73945924979125,0.14392574118816454,0.14388416822034622,0.14046379605160342,0.14731172219731756,45.84838245196519,49.69666797819369,identified,2000,2000,pattern_energy_balanced,0.231,c88914a
VRE120_base,Balanced VRE,MP_pure_cur,Market-pattern storage MCS,500,42,1.0,15270.952775329539,15263.882351941369,15222.48334451189,7.070423388169729,48.46943081764948,0.14587386872294633,0.14589865148251152,0.1437976002393779,0.14812635227722526,47.19134840789261,49.789439341454866,identified,2000,2000,pattern_energy_balanced,0.231,c88914a
VRE120_base,Balanced VRE,MP_pure_cur,Market-pattern storage MCS,1000,42,1.0,15110.887132912763,15103.91219761613,15062.75730062518,6.974935296633703,48.12983228758276,0.14491916894614235,0.14492664507406525,0.1434241159232335,0.14643166831794527,47.186895711657094,49.0726586872162,identified,2000,2000,pattern_energy_balanced,0.231,c88914a
VRE120_base,Balanced VRE,MP_pure_cur,Market-pattern storage MCS,20,42,5.0,13655.080719304902,13622.250582527206,13426.448545424317,32.83013677769668,228.63217388058547,0.14359368683973522,0.14362887836082175,0.13083692508097625,0.1563056459360707,200.1394374325579,258.31175349410586,identified,2000,2000,pattern_energy_balanced,0.231,c88914a
VRE120_base,Balanced VRE,MP_pure_cur,Market-pattern storage MCS,50,42,5.0,14746.374957528978,14711.631242688432,14508.452240872952,34.74371484054609,237.92271665602675,0.1460294137897572,0.14599280137211512,0.13962099114299742,0.15248934063395705,218.17685636091042,260.10168398499843,identified,2000,2000,pattern_energy_balanced,0.231,c88914a
VRE120_base,Balanced VRE,MP_pure_cur,Market-pattern storage MCS,100,42,5.0,14508.656351550077,14474.900947362856,14273.097410854782,33.75540418722085,235.55894069529495,0.1432991848561793,0.1433044596004505,0.13843636909537968,0.14781949201724143,222.86465821008065,249.2702296023244,identified,2000,2000,pattern_energy_balanced,0.231,c88914a
VRE120_base,Balanced VRE,MP_pure_cur,Market-pattern storage MCS,200,42,5.0,15018.975158519386,14984.68473887225,14781.499785028775,34.29041964713542,237.47537349061167,0.14439568677419537,0.14435566197258953,0.14098648806433894,0.14773107559211207,228.01492046255694,247.15532886323436,identified,2000,2000,pattern_energy_balanced,0.231,c88914a
VRE120_base,Balanced VRE,MP_pure_cur,Market-pattern storage MCS,500,42,5.0,15270.952775329539,15235.665871512278,15029.844949643517,35.28690381726119,241.1078256860219,0.1463532082248251,0.14637896773294432,0.1442773723478843,0.14860001976728057,234.66837121690054,247.7294292324652,identified,2000,2000,pattern_energy_balanced,0.231,c88914a
VRE120_base,Balanced VRE,MP_pure_cur,Market-pattern storage MCS,1000,42,5.0,15110.887132912763,15076.077241020153,14871.482185078758,34.80989189260981,239.40494783400572,0.14540172292823983,0.14541012174542128,0.14390945834614743,0.14691595216099942,234.68737593345224,244.12262074116504,identified,2000,2000,pattern_energy_balanced,0.231,c88914a
VRE120_base,Balanced VRE,MP_pure_cur,Market-pattern storage MCS,20,42,10.0,13655.080719304902,13589.71596192363,13200.882945584195,65.36475738127228,454.1977737207071,0.14391254462965739,0.14393995661930675,0.1316448379695701,0.15596966337908916,397.1209963617845,513.2220241555616,identified,2000,2000,pattern_energy_balanced,0.231,c88914a
VRE120_base,Balanced VRE,MP_pure_cur,Market-pattern storage MCS,50,42,10.0,14746.374957528978,14677.227912234366,14274.161056064848,69.14704529461233,472.2139014641307,0.14643161728237417,0.14638883334626016,0.14026894734860945,0.15260095415106784,432.8368581968138,516.2994749899242,identified,2000,2000,pattern_energy_balanced,0.231,c88914a
VRE120_base,Balanced VRE,MP_pure_cur,Market-pattern storage MCS,100,42,10.0,14508.656351550077,14441.417922779117,14040.670676905364,67.23842877095922,467.9856746447131,0.14367625424005875,0.1436844725047692,0.13887145139218193,0.1481232716435052,442.413507447995,495.52353800424146,identified,2000,2000,pattern_energy_balanced,0.231,c88914a
VRE120_base,Balanced VRE,MP_pure_cur,Market-pattern storage MCS,200,42,10.0,15018.975158519386,14950.612751833261,14547.10106810237,68.36240668612481,471.8740904170154,0.14487425369278067,0.1448356381807615,0.14145676820186173,0.148179076538468,452.8454428114273,491.3380589031792,identified,2000,2000,pattern_energy_balanced,0.231,c88914a
VRE120_base,Balanced VRE,MP_pure_cur,Market-pattern storage MCS,500,42,10.0,15270.952775329539,15200.619929206627,14791.866894185336,70.33284612291209,479.0858811442031,0.14680634285221641,0.1468332098333284,0.14476046534596823,0.14906001951241254,466.22900170939806,492.2675949839161,identified,2000,2000,pattern_energy_balanced,0.231,c88914a
VRE120_base,Balanced VRE,MP_pure_cur,Market-pattern storage MCS,1000,42,10.0,15110.887132912763,15041.508738961804,14635.224783280764,69.37839395095943,475.66234963199895,0.14585639162871467,0.14586674931005808,0.1443844150482093,0.1473543039887677,466.2755542188811,485.0102995327503,identified,2000,2000,pattern_energy_balanced,0.231,c88914a
VRE120_base,Balanced VRE,MP_emergency_cur,Market-pattern + emergency storage MCS,20,42,1.0,3595.9512850943856,3589.3342830046704,3577.4852351829627,6.617002089715243,18.466049911422942,0.3583333805256327,0.358356044203925,0.3291180552064256,0.38944058777800294,10.58313678110768,27.108224822846072,identified,2000,2000,pattern_energy_balanced,0.231,c88914a
VRE120_base,Balanced VRE,MP_emergency_cur,Market-pattern + emergency storage MCS,50,42,1.0,4052.544227846744,4044.7497810544883,4031.402183648868,7.794446792255712,21.142044197876203,0.3686704426168352,0.36872829699438503,0.35237179526812956,0.3851241848876884,15.952620585242629,26.764465987043607,identified,2000,2000,pattern_energy_balanced,0.231,c88914a
VRE120_base,Balanced VRE,MP_emergency_cur,Market-pattern + emergency storage MCS,100,42,1.0,3820.842271196273,3813.242326258343,3800.4017692945818,7.599944937930104,20.440501901691277,0.3718081373188431,0.37173384074766874,0.3591976864561764,0.3845439952334981,16.924614597014976,24.07631816741764,identified,2000,2000,pattern_energy_balanced,0.231,c88914a
VRE120_base,Balanced VRE,MP_emergency_cur,Market-pattern + emergency storage MCS,200,42,1.0,4413.664480943614,4405.6129089082615,4394.47186336475,8.051572035352365,19.192617578863974,0.4195140137747143,0.42889227589225587,0.36123083032772296,0.615334346578455,12.50042152856903,23.70730095635006,identified,2000,2000,pattern_energy_balanced,0.231,c88914a
VRE120_base,Balanced VRE,MP_emergency_cur,Market-pattern + emergency storage MCS,500,42,1.0,4485.627459137785,4477.276677911878,4464.921679081525,8.350781225906758,20.705780056259755,0.403306767637675,0.4048884437764208,0.3701781271858344,0.4658866860837922,17.564559332730948,23.31821474599126,identified,2000,2000,pattern_energy_balanced,0.231,c88914a
VRE120_base,Balanced VRE,MP_emergency_cur,Market-pattern + emergency storage MCS,1000,42,1.0,4427.316522786252,4419.148360514825,4406.956425729545,8.168162271426809,20.360097056706763,0.4011848395750234,0.40194717401619434,0.37661295187303545,0.43966659100678285,18.303156460854574,22.028269313998134,identified,2000,2000,pattern_energy_balanced,0.231,c88914a
VRE120_base,Balanced VRE,MP_emergency_cur,Market-pattern + emergency storage MCS,20,42,5.0,3595.9512850943856,3563.230474291503,3504.797386960841,32.720810802882625,91.15389813354477,0.3589622766866765,0.35925368526215967,0.333372336528644,0.3903064775390834,52.68468144283122,133.50907813416748,identified,2000,2000,pattern_energy_balanced,0.231,c88914a
VRE120_base,Balanced VRE,MP_emergency_cur,Market-pattern + emergency storage MCS,50,42,5.0,4052.544227846744,4014.1396628323146,3965.310823551132,38.40456501442941,87.23340429561176,0.44025067374748017,0.44898605369781663,0.3649670944214858,0.6312030230692417,53.06892023619806,122.86358602651305,identified,2000,2000,pattern_energy_balanced,0.231,c88914a
VRE120_base,Balanced VRE,MP_emergency_cur,Market-pattern + emergency storage MCS,100,42,5.0,3820.842271196273,3783.1842576716776,3733.133023363873,37.65801352459539,87.70924783240025,0.42935054689505986,0.43164237171145114,0.37880308839433163,0.5171203166723234,66.84195258977827,108.14048191829399,identified,2000,2000,pattern_energy_balanced,0.231,c88914a
VRE120_base,Balanced VRE,MP_emergency_cur,Market-pattern + emergency storage MCS,200,42,5.0,4413.664480943614,4373.586782279378,4314.807321978742,40.07769866423587,98.85715896487181,0.40541018054622824,0.4066102569101986,0.37592399700503476,0.44949593802532795,83.97826533253021,113.35759469077693,identified,2000,2000,pattern_energy_balanced,0.231,c88914a
VRE120_base,Balanced VRE,MP_emergency_cur,Market-pattern + emergency storage MCS,500,42,5.0,4485.627459137785,4444.132712409235,4383.785128209427,41.494746728550126,101.84233092835802,0.4074410547195744,0.4076458704907916,0.3882031047130009,0.4322547729492482,92.78080847328003,111.38739390600102,identified,2000,2000,pattern_energy_balanced,0.231,c88914a
VRE120_base,Balanced VRE,MP_emergency_cur,Market-pattern + emergency storage MCS,1000,42,5.0,4427.316522786252,4386.746898853633,4326.910653101873,40.569623932618924,100.40586968437856,0.40405629730759524,0.40436316057794613,0.3898749029019368,0.4231164269729639,94.04933198589184,107.16859323250574,identified,2000,2000,pattern_energy_balanced,0.231,c88914a
VRE120_base,Balanced VRE,MP_emergency_cur,Market-pattern + emergency storage MCS,20,42,10.0,3595.9512850943856,3530.600713400042,3414.37759829595,65.35057169434367,181.57368679843557,0.3599121262922262,0.36018827289895666,0.3337159695598812,0.39237642623684776,105.09191527353546,264.9119754138944,identified,2000,2000,pattern_energy_balanced,0.231,c88914a
VRE120_base,Balanced VRE,MP_emergency_cur,Market-pattern + emergency storage MCS,50,42,10.0,4052.544227846744,3976.071404565262,3863.3844084910256,76.47282328148185,189.15981935571835,0.404276254555273,0.40585172519499507,0.36436929912406796,0.4722920539856344,134.22965181187658,251.13019485521514,identified,2000,2000,pattern_energy_balanced,0.231,c88914a
VRE120_base,Balanced VRE,MP_emergency_cur,Market-pattern + emergency storage MCS,100,42,10.0,3820.842271196273,3745.9868973572648,3634.696017229631,74.85537383900828,186.14625396664223,0.40213204533475333,0.40254471524289454,0.3733339275302776,0.4416069171965682,149.35168217513746,223.11358432501325,identified,2000,2000,pattern_energy_balanced,0.231,c88914a
VRE120_base,Balanced VRE,MP_emergency_cur,Market-pattern + emergency storage MCS,200,42,10.0,4413.664480943614,4333.819562871825,4211.316825064609,79.84491807178892,202.3476558790053,0.3945927504074105,0.3953656776985881,0.3755805120911132,0.41849254736182656,175.86009761511087,228.72544634692863,identified,2000,2000,pattern_energy_balanced,0.231,c88914a
VRE120_base,Balanced VRE,MP_emergency_cur,Market-pattern + emergency storage MCS,500,42,10.0,4485.627459137785,4403.021705304079,4278.683679906726,82.60575383370633,206.94377923105912,0.3991700264711724,0.39930846048499175,0.3860680957302842,0.4143411131632703,190.50885923445253,224.61949234757532,identified,2000,2000,pattern_energy_balanced,0.231,c88914a
VRE120_base,Balanced VRE,MP_emergency_cur,Market-pattern + emergency storage MCS,1000,42,10.0,4427.316522786252,4346.6726758879695,4225.337392071132,80.64384689828239,201.97913071511994,0.3992682145564135,0.399515122951127,0.38991704994319654,0.4113030559831846,190.15893202213877,213.94778563713677,identified,2000,2000,pattern_energy_balanced,0.231,c88914a
VRE120_base,Balanced VRE,M1c,Emergency-only storage MCS,20,42,1.0,2479.1695846344096,2472.528801548056,2465.8195846344097,6.640783086353622,13.349999999999909,0.4974369353073908,0.4980383589634025,0.48215342017482005,0.5183107700986611,7.600000000000131,19.802500000000176,identified,2000,2000,pattern_energy_balanced,0.231,c88914a
VRE120_base,Balanced VRE,M1c,Emergency-only storage MCS,50,42,1.0,2888.524358517524,2881.2384707884958,2873.896734284216,7.285887729028218,14.62762423330787,0.4980909827063966,0.49834804533162563,0.48904906866823966,0.5089615062119892,10.726933627474864,19.239999999999803,identified,2000,2000,pattern_energy_balanced,0.231,c88914a
VRE120_base,Balanced VRE,M1c,Emergency-only storage MCS,100,42,1.0,2703.1350159549856,2696.209141340446,2689.253796301678,6.92587461453968,13.881219653307653,0.498938478571612,0.49902681254210984,0.4905165533866422,0.5082828588314118,11.080784464891348,16.764885302307526,identified,2000,2000,pattern_energy_balanced,0.231,c88914a
VRE120_base,Balanced VRE,M1c,Emergency-only storage MCS,200,42,1.0,3179.664800492754,3172.0356040059837,3164.3409338901,7.62919648677007,15.323866602653652,0.4978636713953718,0.498018783768468,0.4900268354648447,0.5061683842586839,13.381926776385,17.352031868168,identified,2000,2000,pattern_energy_balanced,0.231,c88914a
VRE120_base,Balanced VRE,M1c,Emergency-only storage MCS,500,42,1.0,3237.0355269391307,3229.3225065190813,3221.5826637774157,7.713020420049361,15.452863161714959,0.4991321245346076,0.4991181084754272,0.49454489327047874,0.5037853007301532,14.193188926211656,16.796789937410914,identified,2000,2000,pattern_energy_balanced,0.231,c88914a
VRE120_base,Balanced VRE,M1c,Emergency-only storage MCS,1000,42,1.0,3205.950730383511,3198.3787472321937,3190.765911782,7.571983151317454,15.184818601511324,0.4986548308561174,0.49870897226933675,0.4952839271390604,0.5021035656170545,14.28774565479116,16.112019383061376,identified,2000,2000,pattern_energy_balanced,0.231,c88914a
VRE120_base,Balanced VRE,M1c,Emergency-only storage MCS,20,42,5.0,2479.1695846344096,2445.9656692026415,2412.58250405441,33.20391543176811,66.58708057999957,0.49865402030767825,0.49936320982849963,0.4823808784494974,0.5216215973902637,37.995927014500005,98.8476846090005,identified,2000,2000,pattern_energy_balanced,0.231,c88914a
VRE120_base,Balanced VRE,M1c,Emergency-only storage MCS,50,42,5.0,2888.524358517524,2852.453584644209,2816.3986321309094,36.07077387331492,72.12572638661459,0.5001096790341524,0.5003839582658426,0.49064321838478,0.5113158216634706,52.689624602749646,94.5664839172479,identified,2000,2000,pattern_energy_balanced,0.231,c88914a
VRE120_base,Balanced VRE,M1c,Emergency-only storage MCS,100,42,5.0,2703.1350159549856,2668.8832661697725,2634.5936693203707,34.25174978521318,68.54134663461491,0.49972391070465605,0.4998143247912369,0.4908783072686784,0.5089654096653488,54.934710555919935,82.75966969058275,identified,2000,2000,pattern_energy_balanced,0.231,c88914a
VRE120_base,Balanced VRE,M1c,Emergency-only storage MCS,200,42,5.0,3179.664800492754,3141.803776237602,3103.8456414544657,37.86102425515173,75.81915903828803,0.4993595911032492,0.4995231198577412,0.4913303833079967,0.5078421487740201,66.2404003803835,85.81296976484958,identified,2000,2000,pattern_energy_balanced,0.231,c88914a
VRE120_base,Balanced VRE,M1c,Emergency-only storage MCS,500,42,5.0,3237.0355269391307,3198.8296406632367,3160.777145807891,38.205886275894045,76.25838113123973,0.5010057348338169,0.5009773825984946,0.49619743330048094,0.5058155394690764,70.16935738513536,82.77620376379639,identified,2000,2000,pattern_energy_balanced,0.231,c88914a
VRE120_base,Balanced VRE,M1c,Emergency-only storage MCS,1000,42,5.0,3205.950730383511,3168.4425686157756,3131.017049497676,37.5081617677356,74.9336808858352,0.5005514386098416,0.5005952692401756,0.496909770649394,0.5042074103564615,70.49502950552272,79.55325522069153,identified,2000,2000,pattern_energy_balanced,0.231,c88914a
VRE120_base,Balanced VRE,M1c,Emergency-only storage MCS,20,42,10.0,2479.1695846344096,2412.7617537708734,2346.605048131141,66.40783086353622,132.56453650326876,0.5009471810124629,0.5018793621448576,0.4834982262672346,0.5259941716468742,74.9537846427007,197.07373228493313,identified,2000,2000,pattern_energy_balanced,0.231,c88914a
VRE120_base,Balanced VRE,M1c,Emergency-only storage MCS,50,42,10.0,2888.524358517524,2816.7830926375104,2745.2263233029867,71.74126588001354,143.29803521453732,0.5006437511345272,0.5009704967415122,0.49032827692525555,0.5129514199606817,104.46651522567262,188.12910934766873,identified,2000,2000,pattern_energy_balanced,0.231,c88914a
VRE120_base,Balanced VRE,M1c,Emergency-only storage MCS,100,42,10.0,2703.1350159549856,2635.043589373741,2566.9658544017557,68.09142658124483,136.16916155322997,0.5000502742658599,0.5001400985776585,0.4908959610727052,0.5101877230886138,109.00235213558085,164.4292444463843,identified,2000,2000,pattern_energy_balanced,0.231,c88914a
VRE120_base,Balanced VRE,M1c,Emergency-only storage MCS,200,42,10.0,3179.664800492754,3104.3740700535445,3029.6651329978895,75.29073043920926,149.9996674948643,0.5019393155773967,0.5021277407211221,0.4933152229453322,0.511248265262251,130.77550309695118,169.98345581564203,identified,2000,2000,pattern_energy_balanced,0.231,c88914a
VRE120_base,Balanced VRE,M1c,Emergency-only storage MCS,500,42,10.0,3237.0355269391307,3161.113238522805,3086.2912892350223,75.9222884163255,150.7442377041084,0.503649688854782,0.5036056238177495,0.4985061156054826,0.508755384064006,138.57551374349984,163.82100193075533,identified,2000,2000,pattern_energy_balanced,0.231,c88914a
VRE120_base,Balanced VRE,M1c,Emergency-only storage MCS,1000,42,10.0,3205.950730383511,3131.4858149099846,3057.8629484992725,74.46491547352662,148.08778188423867,0.5028430740608729,0.5028990357859995,0.4990236566965146,0.5066818121348551,139.18243707277787,157.35341855849936,identified,2000,2000,pattern_energy_balanced,0.231,c88914a
VRE120_base,Balanced VRE,M2,Event-window storage MCS,20,42,1.0,2479.1695846344096,2472.528801548056,2465.8195846344097,6.640783086353622,13.349999999999909,0.4974369353073908,0.498038358963419,0.48215342017484264,0.5183107700986509,7.599999999999909,19.80250000000151,identified,2000,2000,N/A,NaN,c88914a
VRE120_base,Balanced VRE,M2,Event-window storage MCS,50,42,1.0,2888.524358517524,2881.2384707884958,2873.896734284216,7.285887729028218,14.62762423330787,0.4980909827063966,0.4983480453316187,0.4890490686681781,0.5089615062119892,10.726933627475086,19.239999999999327,identified,2000,2000,N/A,NaN,c88914a
VRE120_base,Balanced VRE,M2,Event-window storage MCS,100,42,1.0,2703.1350159549856,2696.209141340446,2689.2537963016784,6.92587461453968,13.881219653307198,0.4989384785716284,0.49902681254210707,0.4905165533866429,0.5082828588314213,11.080784464891348,16.764885302307547,identified,2000,2000,N/A,NaN,c88914a
VRE120_base,Balanced VRE,M2,Event-window storage MCS,200,42,1.0,3179.664800492754,3172.0356040059837,3164.3409338901006,7.62919648677007,15.323866602653197,0.49786367139538656,0.4980187837684697,0.4900268354648452,0.5061683842586996,13.381926776385,17.352031868168,identified,2000,2000,N/A,NaN,c88914a
VRE120_base,Balanced VRE,M2,Event-window storage MCS,500,42,1.0,3237.0355269391307,3229.322506519082,3221.5826637774157,7.713020420048906,15.452863161714959,0.49913212453457817,0.4991181084754284,0.4945448932704931,0.5037853007301839,14.193188926211645,16.79678993741094,identified,2000,2000,N/A,NaN,c88914a
VRE120_base,Balanced VRE,M2,Event-window storage MCS,1000,42,1.0,3205.9507303835117,3198.3787472321937,3190.7659117820003,7.571983151317909,15.184818601511324,0.4986548308561473,0.4987089722693358,0.4952839271390141,0.5021035656170688,14.287745654789843,16.112019383061376,identified,2000,2000,N/A,NaN,c88914a
VRE120_base,Balanced VRE,M2,Event-window storage MCS,20,42,5.0,2479.1695846344096,2445.9656692026415,2412.58250405441,33.20391543176811,66.58708057999957,0.49865402030767825,0.4993632098284966,0.482380878449503,0.5216215973902615,37.995927014500005,98.84768460900052,identified,2000,2000,N/A,NaN,c88914a
VRE120_base,Balanced VRE,M2,Event-window storage MCS,50,42,5.0,2888.524358517524,2852.4535846442095,2816.3986321309094,36.070773873314465,72.12572638661459,0.5001096790341462,0.5003839582658434,0.49064321838478464,0.5113158216634704,52.689624602749646,94.5664839172475,identified,2000,2000,N/A,NaN,c88914a
VRE120_base,Balanced VRE,M2,Event-window storage MCS,100,42,5.0,2703.1350159549856,2668.8832661697725,2634.593669320371,34.25174978521318,68.54134663461446,0.4997239107046594,0.4998143247912367,0.49087830726867815,0.5089654096653488,54.934710555919715,82.75966969058187,identified,2000,2000,N/A,NaN,c88914a
VRE120_base,Balanced VRE,M2,Event-window storage MCS,200,42,5.0,3179.664800492754,3141.803776237602,3103.8456414544657,37.86102425515173,75.81915903828803,0.4993595911032492,0.49952311985774006,0.49133038330800827,0.5078421487740201,66.2404003803835,85.81296976485046,identified,2000,2000,N/A,NaN,c88914a
VRE120_base,Balanced VRE,M2,Event-window storage MCS,500,42,5.0,3237.0355269391307,3198.829640663237,3160.777145807891,38.20588627589359,76.25838113123973,0.5010057348338111,0.5009773825984948,0.4961974333004807,0.5058155394690762,70.1693573851358,82.77620376379684,identified,2000,2000,N/A,NaN,c88914a
VRE120_base,Balanced VRE,M2,Event-window storage MCS,1000,42,5.0,3205.9507303835117,3168.4425686157756,3131.0170494976755,37.508161767736055,74.93368088583611,0.5005514386098416,0.5005952692401756,0.4969097706493939,0.5042074103564705,70.49502950552362,79.55325522069107,identified,2000,2000,N/A,NaN,c88914a
VRE120_base,Balanced VRE,M2,Event-window storage MCS,20,42,10.0,2479.1695846344096,2412.7617537708734,2346.605048131141,66.40783086353622,132.56453650326876,0.5009471810124629,0.5018793621448582,0.48349822626723443,0.5259941716468741,74.95378464270092,197.07373228493222,identified,2000,2000,N/A,NaN,c88914a
VRE120_base,Balanced VRE,M2,Event-window storage MCS,50,42,10.0,2888.524358517524,2816.7830926375104,2745.2263233029867,71.74126588001354,143.29803521453732,0.5006437511345272,0.5009704967415116,0.49032827692525327,0.5129514199606817,104.46651522567217,188.12910934766785,identified,2000,2000,N/A,NaN,c88914a
VRE120_base,Balanced VRE,M2,Event-window storage MCS,100,42,10.0,2703.1350159549856,2635.043589373741,2566.965854401756,68.09142658124483,136.16916155322951,0.5000502742658616,0.5001400985776583,0.4908959610727077,0.5101877230886146,109.00235213558085,164.4292444463843,identified,2000,2000,N/A,NaN,c88914a
VRE120_base,Balanced VRE,M2,Event-window storage MCS,200,42,10.0,3179.664800492754,3104.3740700535445,3029.66513299789,75.29073043920926,149.99966749486384,0.5019393155773981,0.5021277407211229,0.49331522294532715,0.5112482652622524,130.77550309695118,169.9834558156429,identified,2000,2000,N/A,NaN,c88914a
VRE120_base,Balanced VRE,M2,Event-window storage MCS,500,42,10.0,3237.0355269391307,3161.113238522805,3086.2912892350228,75.9222884163255,150.74423770410795,0.5036496888547836,0.5036056238177501,0.4985061156054826,0.5087553840640061,138.57551374349893,163.8210019307562,identified,2000,2000,N/A,NaN,c88914a
VRE120_base,Balanced VRE,M2,Event-window storage MCS,1000,42,10.0,3205.9507303835117,3131.4858149099846,3057.862948499273,74.46491547352707,148.08778188423867,0.502843074060876,0.5028990357859995,0.4990236566965146,0.5066818121348551,139.18243707277833,157.3534185584998,identified,2000,2000,N/A,NaN,c88914a
VRE120_wind_hvy,Wind-heavy,MP_pure_cur,Market-pattern storage MCS,20,42,1.0,7160.637802265563,7157.582761369381,7136.773089604855,3.0550408961817084,23.864712660707482,0.1280149876353525,0.12795014128254623,0.11437533144574773,0.1408685698673627,20.714712660708756,27.19999999999984,identified,2000,2000,pattern_energy_balanced,0.231,c88914a
VRE120_wind_hvy,Wind-heavy,MP_pure_cur,Market-pattern storage MCS,50,42,1.0,7899.689218153088,7896.302328904522,7874.067333088804,3.386889248566149,25.62188506428447,0.13218735624129743,0.13204479357319443,0.12347035777861651,0.14118212208145586,23.135894253213724,28.396294253216592,identified,2000,2000,pattern_energy_balanced,0.231,c88914a
VRE120_wind_hvy,Wind-heavy,MP_pure_cur,Market-pattern storage MCS,100,42,1.0,7816.087050023755,7812.746248172162,7790.524844158604,3.3408018515929143,25.562205865151554,0.13069301879566517,0.1306450134603133,0.12437312779713933,0.1371722914715246,23.870053876290466,27.33510514662794,identified,2000,2000,pattern_energy_balanced,0.231,c88914a
VRE120_wind_hvy,Wind-heavy,MP_pure_cur,Market-pattern storage MCS,200,42,1.0,8263.208289199714,8259.674342829674,8236.858235492258,3.533946370040212,26.350053707456027,0.13411533840783954,0.13401209003122916,0.12983272676798713,0.13824445597062573,25.03387134928589,27.72799188259251,identified,2000,2000,pattern_energy_balanced,0.231,c88914a
VRE120_wind_hvy,Wind-heavy,MP_pure_cur,Market-pattern storage MCS,500,42,1.0,8393.830760231045,8390.22541971418,8367.186472024296,3.6053405168659083,26.64428820674948,0.1353138236942134,0.13531945031778486,0.13276045197877268,0.13787758539057424,25.772083137705316,27.549089822483577,identified,2000,2000,pattern_energy_balanced,0.231,c88914a
VRE120_wind_hvy,Wind-heavy,MP_pure_cur,Market-pattern storage MCS,1000,42,1.0,8265.787144775255,8262.243759546855,8239.483836930514,3.543385228400439,26.30330784474063,0.1347125330895955,0.1347077914034407,0.13284217331540374,0.1365947772083483,25.656264342549367,26.938330117655504,identified,2000,2000,pattern_energy_balanced,0.231,c88914a
VRE120_wind_hvy,Wind-heavy,MP_pure_cur,Market-pattern storage MCS,20,42,5.0,7160.637802265563,7145.394372240688,7041.958223587969,15.243430024874215,118.67957867759378,0.12844189535155565,0.12837155781000473,0.11473940758539658,0.14170328488207784,102.97444075236137,135.0496162860888,identified,2000,2000,pattern_energy_balanced,0.231,c88914a
VRE120_wind_hvy,Wind-heavy,MP_pure_cur,Market-pattern storage MCS,50,42,5.0,7899.689218153088,7882.767481692723,7772.028814191229,16.921736460365537,127.66040396185963,0.13255274098475472,0.13240721194059601,0.1238686898531206,0.14160388947320526,115.32933560020129,141.48310575212602,identified,2000,2000,pattern_energy_balanced,0.231,c88914a
VRE120_wind_hvy,Wind-heavy,MP_pure_cur,Market-pattern storage MCS,100,42,5.0,7816.087050023755,7799.41030152787,7688.915457305327,16.676748495885477,127.17159271842775,0.13113579958701688,0.13108751484406184,0.12485952872523078,0.13751476224979384,118.75044600199683,136.05319272803067,identified,2000,2000,pattern_energy_balanced,0.231,c88914a
VRE120_wind_hvy,Wind-heavy,MP_pure_cur,Market-pattern storage MCS,200,42,5.0,8263.208289199714,8245.572085827824,8132.191255276533,17.636203371890588,131.01703392318086,0.1346100033239282,0.13450650699553512,0.13030409891405195,0.13863734709053793,124.38170640423864,137.9456708916431,identified,2000,2000,pattern_energy_balanced,0.231,c88914a
VRE120_wind_hvy,Wind-heavy,MP_pure_cur,Market-pattern storage MCS,500,42,5.0,8393.830760231045,8375.850033026965,8261.40826524169,17.980727204079813,132.42249498935598,0.13578302693605862,0.1357878450646335,0.13321481369842955,0.13830849972321405,128.10517099564282,136.935534206416,identified,2000,2000,pattern_energy_balanced,0.231,c88914a
VRE120_wind_hvy,Wind-heavy,MP_pure_cur,Market-pattern storage MCS,1000,42,5.0,8265.787144775255,8248.11616550563,8135.070731652916,17.670979269625605,130.71641312233896,0.13518561936890922,0.1351825772226724,0.13334320439566527,0.13704387335082768,127.46886862612193,133.91239377040745,identified,2000,2000,pattern_energy_balanced,0.231,c88914a
VRE120_wind_hvy,Wind-heavy,MP_pure_cur,Market-pattern storage MCS,20,42,10.0,7160.637802265563,7130.3133686703195,6926.089674764384,30.324433595243136,234.5481275011789,0.12928874733860632,0.12923508899567387,0.11508420947207529,0.1427322180152045,203.56770468691377,267.04355360006156,identified,2000,2000,pattern_energy_balanced,0.231,c88914a
VRE120_wind_hvy,Wind-heavy,MP_pure_cur,Market-pattern storage MCS,50,42,10.0,7899.689218153088,7865.940685459549,7646.7177405197945,33.748532693539346,252.97147763329394,0.13340844987457848,0.13324830928181666,0.12447031684550101,0.14242925841997484,228.40876063327397,280.307671903861,identified,2000,2000,pattern_energy_balanced,0.231,c88914a
VRE120_wind_hvy,Wind-heavy,MP_pure_cur,Market-pattern storage MCS,100,42,10.0,7816.087050023755,7782.8402379185845,7564.03984103188,33.24681210517065,252.04720899187487,0.1319070829554094,0.13185492562794285,0.12548257592618262,0.1382717144107488,235.11982628393687,269.79182191770417,identified,2000,2000,pattern_energy_balanced,0.231,c88914a
VRE120_wind_hvy,Wind-heavy,MP_pure_cur,Market-pattern storage MCS,200,42,10.0,8263.208289199714,8228.086061262602,8003.685925191289,35.12222793711226,259.52236400842503,0.1353341091481891,0.13522511638688048,0.13105724127095633,0.1393835975649423,246.35370654913564,273.41051338796393,identified,2000,2000,pattern_energy_balanced,0.231,c88914a
VRE120_wind_hvy,Wind-heavy,MP_pure_cur,Market-pattern storage MCS,500,42,10.0,8393.830760231045,8358.021983442577,8131.5268039611055,35.808776788468094,262.3039562699396,0.13651634271050386,0.13652311584086682,0.13395860250822242,0.13900840087895047,253.60594001655815,271.4505111912636,identified,2000,2000,pattern_energy_balanced,0.231,c88914a
VRE120_wind_hvy,Wind-heavy,MP_pure_cur,Market-pattern storage MCS,1000,42,10.0,8265.787144775255,8230.594270600417,8006.853489096954,35.192874174837925,258.93365567830097,0.13591463837579126,0.13591214347791356,0.13411516917842484,0.13778868745224662,252.4088435127212,265.32684999240723,identified,2000,2000,pattern_energy_balanced,0.231,c88914a
VRE120_wind_hvy,Wind-heavy,MP_emergency_cur,Market-pattern + emergency storage MCS,20,42,1.0,836.2103746975044,833.6540076993351,831.0303746975045,2.556366998169324,5.17999999999995,0.49350714250373523,0.4976390351305946,0.4412132083761486,0.5760078591258169,2.0450000000000728,8.885500000000219,identified,2000,2000,pattern_energy_balanced,0.231,c88914a
VRE120_wind_hvy,Wind-heavy,MP_emergency_cur,Market-pattern + emergency storage MCS,50,42,1.0,1259.5460898414374,1256.4335093567286,1252.59004043213,3.1125804847088148,6.9560494093072975,0.4474638263126964,0.4483904378915871,0.4144269105831216,0.48674169024795627,4.335901235232931,9.858049999999942,identified,2000,2000,pattern_energy_balanced,0.231,c88914a
VRE120_wind_hvy,Wind-heavy,MP_emergency_cur,Market-pattern + emergency storage MCS,100,42,1.0,1224.2123925306,1221.3377011585626,1217.6513678259464,2.8746913720374323,6.561024704653619,0.43814670747977286,0.438701345817885,0.4106652904175428,0.46845705481762634,4.629824999999997,8.556074087037395,identified,2000,2000,pattern_energy_balanced,0.231,c88914a
VRE120_wind_hvy,Wind-heavy,MP_emergency_cur,Market-pattern + emergency storage MCS,200,42,1.0,1566.6314552395866,1563.3870821171786,1559.046890766408,3.2443731224079784,7.584564473178489,0.42775997671074556,0.42855579793033244,0.4000259233734206,0.4614296341319504,6.139462172359157,9.115468747462462,identified,2000,2000,pattern_energy_balanced,0.231,c88914a
VRE120_wind_hvy,Wind-heavy,MP_emergency_cur,Market-pattern + emergency storage MCS,500,42,1.0,1614.208671598587,1610.7027541807481,1606.772631875417,3.505917417838873,7.436039723170097,0.4714764240587256,0.47512336608338795,0.41914417650409685,0.5737642205461507,5.893196712177973,8.833618355400302,identified,2000,2000,pattern_energy_balanced,0.231,c88914a
VRE120_wind_hvy,Wind-heavy,MP_emergency_cur,Market-pattern + emergency storage MCS,1000,42,1.0,1580.143272480378,1576.7412106792556,1573.6582455642363,3.4020618011224997,6.4850269161418055,0.5246025722197801,0.5340629008229341,0.4357865405990465,0.7199057418033716,4.639610388472363,7.997923136076355,identified,2000,2000,pattern_energy_balanced,0.231,c88914a
VRE120_wind_hvy,Wind-heavy,MP_emergency_cur,Market-pattern + emergency storage MCS,20,42,5.0,836.2103746975044,823.4285397066575,810.3103746975045,12.78183499084696,25.899999999999977,0.49350714250374406,0.49763903513060337,0.44121320837618094,0.5760078591258138,10.225000000000078,44.427500000000194,identified,2000,2000,pattern_energy_balanced,0.231,c88914a
VRE120_wind_hvy,Wind-heavy,MP_emergency_cur,Market-pattern + emergency storage MCS,50,42,5.0,1259.5460898414374,1244.266611327805,1225.418561421469,15.279478513632284,34.127528419968485,0.4477171134576523,0.44884642271595154,0.41439858863436035,0.4861540019856959,21.42617449000192,48.639374337547686,identified,2000,2000,pattern_energy_balanced,0.231,c88914a
VRE120_wind_hvy,Wind-heavy,MP_emergency_cur,Market-pattern + emergency storage MCS,100,42,5.0,1224.2123925306,1209.9806476253682,1192.715879084854,14.231744905231835,31.49651344574613,0.45185143840592146,0.452871573436412,0.41772832896956763,0.4949655616471096,22.08665898117512,41.2873379751078,identified,2000,2000,pattern_energy_balanced,0.231,c88914a
VRE120_wind_hvy,Wind-heavy,MP_emergency_cur,Market-pattern + emergency storage MCS,200,42,5.0,1566.6314552395866,1550.5086052690237,1530.5031312968872,16.12284997056281,36.12832394269935,0.44626620366154135,0.4492402386892306,0.4071881896861056,0.5153934238641551,28.07932216642044,44.34786343984407,identified,2000,2000,pattern_energy_balanced,0.231,c88914a
VRE120_wind_hvy,Wind-heavy,MP_emergency_cur,Market-pattern + emergency storage MCS,500,42,5.0,1614.208671598587,1596.8171810077342,1575.7276996665526,17.391490590852754,38.480971932034436,0.45195039827917594,0.4525598089553355,0.42199181052760515,0.49676194955197833,33.209060511694744,43.90601869660357,identified,2000,2000,pattern_energy_balanced,0.231,c88914a
VRE120_wind_hvy,Wind-heavy,MP_emergency_cur,Market-pattern + emergency storage MCS,1000,42,5.0,1580.143272480378,1563.3163393379755,1544.0247496462136,16.826933142402595,36.11852283416442,0.46588098908868,0.46659077827270345,0.4372155094009941,0.504649921504203,31.98253263562167,40.01395137278678,identified,2000,2000,pattern_energy_balanced,0.231,c88914a
VRE120_wind_hvy,Wind-heavy,MP_emergency_cur,Market-pattern + emergency storage MCS,20,42,10.0,836.2103746975044,810.8812112958107,784.6448812775045,25.32916340169379,51.56549341999994,0.4912037434682967,0.495560142781425,0.44006814668851674,0.5748893817416425,20.450000000000045,88.12966775799988,identified,2000,2000,pattern_energy_balanced,0.231,c88914a
VRE120_wind_hvy,Wind-heavy,MP_emergency_cur,Market-pattern + emergency storage MCS,50,42,10.0,1259.5460898414374,1229.24557775148,1198.7957121628508,30.300512089957465,60.750377678586574,0.498770760739449,0.5063567074863013,0.4294991243683412,0.668920230191036,34.45647858312147,91.25736586131569,identified,2000,2000,pattern_energy_balanced,0.231,c88914a
VRE120_wind_hvy,Wind-heavy,MP_emergency_cur,Market-pattern + emergency storage MCS,100,42,10.0,1224.2123925306,1195.87812518879,1167.9078310342134,28.33426734181012,56.30456149638667,0.5032321820609235,0.5093188950287558,0.43317411616879586,0.6499084404314888,35.96956102328503,76.89381808153941,identified,2000,2000,pattern_energy_balanced,0.231,c88914a
VRE120_wind_hvy,Wind-heavy,MP_emergency_cur,Market-pattern + emergency storage MCS,200,42,10.0,1566.6314552395866,1534.553154794069,1499.0063641442912,32.07830044551747,67.62509109529537,0.47435500530880814,0.47739661773463815,0.4229217590970056,0.558727392352784,51.41457396967059,83.64631534067625,identified,2000,2000,pattern_energy_balanced,0.231,c88914a
VRE120_wind_hvy,Wind-heavy,MP_emergency_cur,Market-pattern + emergency storage MCS,500,42,10.0,1614.208671598587,1579.6331535414956,1541.215829896502,34.57551805709136,72.99284170208489,0.47368368254806253,0.4736566333870101,0.4406775575053252,0.5150474657412312,62.7824377160333,83.64979131429321,identified,2000,2000,pattern_energy_balanced,0.231,c88914a
VRE120_wind_hvy,Wind-heavy,MP_emergency_cur,Market-pattern + emergency storage MCS,1000,42,10.0,1580.143272480378,1546.768497241988,1509.631640081795,33.37477523839016,70.51163239858306,0.4733229696021167,0.4738878413549184,0.44845740476363666,0.5034569658579778,63.652244788135754,78.23969327342984,identified,2000,2000,pattern_energy_balanced,0.231,c88914a
VRE120_wind_hvy,Wind-heavy,M1c,Emergency-only storage MCS,20,42,1.0,648.2368652992261,645.7600253839048,644.136865299226,2.4768399153213068,4.100000000000136,0.6041072964198109,0.6045401054039937,0.5485510814379159,0.654503254473022,1.7487500000000589,6.8012500000008504,identified,2000,2000,pattern_energy_balanced,0.231,c88914a
VRE120_wind_hvy,Wind-heavy,M1c,Emergency-only storage MCS,50,42,1.0,969.6241619977638,966.7278487632223,964.4881125884561,2.8963132345415943,5.136049409307702,0.5639184913783751,0.5647322141673917,0.5296197050481148,0.6008260458945832,3.1117963481499458,7.600302470465295,identified,2000,2000,pattern_energy_balanced,0.231,c88914a
VRE120_wind_hvy,Wind-heavy,M1c,Emergency-only storage MCS,100,42,1.0,925.1931900272261,922.6963501119046,920.6951653225722,2.496839915321516,4.498024704653972,0.5550969768436599,0.5555798961039934,0.5306660632178216,0.5837288030786215,3.0477747046539263,6.0741728787287,identified,2000,2000,pattern_energy_balanced,0.231,c88914a
VRE120_wind_hvy,Wind-heavy,M1c,Emergency-only storage MCS,200,42,1.0,1173.391707296456,1170.5559017937585,1168.1610388838021,2.83580550269744,5.230668412653813,0.5421497367023264,0.542972842617669,0.5226196406451948,0.5638946353295481,4.085949542870367,6.440956445309723,identified,2000,2000,pattern_energy_balanced,0.231,c88914a
VRE120_wind_hvy,Wind-heavy,M1c,Emergency-only storage MCS,500,42,1.0,1208.349102113017,1205.2213606477587,1202.5725282964938,3.1277414652581683,5.776573816523069,0.5414526957678111,0.5414422384255632,0.5306916251054654,0.5533033631391451,5.0498085601959755,6.5281760166387075,identified,2000,2000,pattern_energy_balanced,0.231,c88914a
VRE120_wind_hvy,Wind-heavy,M1c,Emergency-only storage MCS,1000,42,1.0,1182.8402075964002,1179.7887273609285,1177.168867576343,3.051480235471672,5.671340020057187,0.5380527749491032,0.5382195599815214,0.5311715898052405,0.5455445230929508,5.181932265531083,6.1877962459868625,identified,2000,2000,pattern_energy_balanced,0.231,c88914a
VRE120_wind_hvy,Wind-heavy,M1c,Emergency-only storage MCS,20,42,5.0,648.2368652992261,635.8526657226199,627.736865299226,12.384199576606193,20.500000000000114,0.604107296419811,0.6045401054040074,0.5485510814379334,0.6545032544730331,8.743750000000116,34.00625000000069,identified,2000,2000,pattern_energy_balanced,0.231,c88914a
VRE120_wind_hvy,Wind-heavy,M1c,Emergency-only storage MCS,50,42,5.0,969.6241619977638,955.4260197349691,944.3413549004562,14.198142262794704,25.282807097307682,0.5615730171159135,0.562393391499676,0.5278446214393737,0.5985199996804227,15.186658923232747,37.5514498792576,identified,2000,2000,pattern_energy_balanced,0.231,c88914a
VRE120_wind_hvy,Wind-heavy,M1c,Emergency-only storage MCS,100,42,5.0,925.1931900272261,912.850702405576,902.9017864785721,12.342487621650093,22.29140354865399,0.5536882231175329,0.5541611206233273,0.5301973743242842,0.5820110433188882,15.046774704653814,30.142537402137556,identified,2000,2000,pattern_energy_balanced,0.231,c88914a
VRE120_wind_hvy,Wind-heavy,M1c,Emergency-only storage MCS,200,42,5.0,1173.391707296456,1159.400277763925,1147.5391623334754,13.991429532530901,25.852544962980573,0.54120124546987,0.5420077508465824,0.5225786946318361,0.5624849592676067,20.13593186899745,31.93666892823347,identified,2000,2000,pattern_energy_balanced,0.231,c88914a
VRE120_wind_hvy,Wind-heavy,M1c,Emergency-only storage MCS,500,42,5.0,1208.349102113017,1192.8943667644658,1179.8337307867787,15.45473534855114,28.51537132623821,0.5419791021388727,0.5419513866237267,0.5311139354347655,0.5539016650620346,24.91625914826227,32.270940199211665,identified,2000,2000,pattern_energy_balanced,0.231,c88914a
VRE120_wind_hvy,Wind-heavy,M1c,Emergency-only storage MCS,1000,42,5.0,1182.8402075964002,1167.7865259132343,1154.9431990464316,15.053681683165905,27.897008549968632,0.5396163411643946,0.5397584972419004,0.5322535569752834,0.5474745462680943,25.4832856743953,30.501021011949508,identified,2000,2000,pattern_energy_balanced,0.231,c88914a
VRE120_wind_hvy,Wind-heavy,M1c,Emergency-only storage MCS,20,42,10.0,648.2368652992261,623.7029727260137,607.4713718792261,24.53389257321237,40.765493419999984,0.60182989373988,0.6025363060592647,0.5481190907539938,0.6513436580934062,17.48750000000006,67.56706167349996,identified,2000,2000,pattern_energy_balanced,0.231,c88914a
VRE120_wind_hvy,Wind-heavy,M1c,Emergency-only storage MCS,50,42,10.0,969.6241619977638,941.4863224094823,919.4037504284564,28.13783958828151,50.22041156930743,0.5602869173911381,0.5611430415965929,0.5273530342421888,0.5967552525112403,30.11210142854031,74.75959594910752,identified,2000,2000,pattern_energy_balanced,0.231,c88914a
VRE120_wind_hvy,Wind-heavy,M1c,Emergency-only storage MCS,100,42,10.0,925.1931900272261,900.63743725258,880.8896004819186,24.55575277464618,44.303589545307545,0.5542610209841795,0.5547109929335454,0.5300820959318522,0.5835610272398518,29.89699095413744,59.94497585114913,identified,2000,2000,pattern_energy_balanced,0.231,c88914a
VRE120_wind_hvy,Wind-heavy,M1c,Emergency-only storage MCS,200,42,10.0,1173.391707296456,1145.6340814453315,1122.273031076168,27.75762585112443,51.11867622028785,0.5430036124469916,0.5438504429235056,0.5241052834255523,0.5653436867760254,39.65676613820892,63.24882247244319,identified,2000,2000,pattern_energy_balanced,0.231,c88914a
VRE120_wind_hvy,Wind-heavy,M1c,Emergency-only storage MCS,500,42,10.0,1208.349102113017,1177.7219147708233,1152.1567762901695,30.627187342193565,56.19232582284735,0.5450421724622901,0.5449652180845962,0.5335273582760953,0.5576223255979914,48.997320910259106,63.60503310285526,identified,2000,2000,pattern_energy_balanced,0.231,c88914a
VRE120_wind_hvy,Wind-heavy,M1c,Emergency-only storage MCS,1000,42,10.0,1182.8402075964002,1153.0144976416032,1127.878135442389,29.82570995479705,54.96207215401114,0.542659852256323,0.5428097524285317,0.5351900266196836,0.5508595141179796,50.17985972994715,60.12728554505321,identified,2000,2000,pattern_energy_balanced,0.231,c88914a
VRE120_wind_hvy,Wind-heavy,M2,Event-window storage MCS,20,42,1.0,648.2368652992254,645.7600253839041,644.1368652992254,2.4768399153213068,4.100000000000023,0.6041072964198275,0.6045401054040282,0.5485510814379673,0.6545032544730409,1.7487499999998912,6.801250000000285,identified,2000,2000,N/A,NaN,c88914a
VRE120_wind_hvy,Wind-heavy,M2,Event-window storage MCS,50,42,1.0,969.6241619977632,966.7278487632216,964.4881125884556,2.8963132345415943,5.136049409307589,0.5639184913783877,0.5647322141674089,0.5296197050481452,0.6008260458945419,3.1117963481496655,7.600302470465506,identified,2000,2000,N/A,NaN,c88914a
VRE120_wind_hvy,Wind-heavy,M2,Event-window storage MCS,100,42,1.0,925.1931900272253,922.6963501119042,920.6951653225717,2.496839915321175,4.498024704653631,0.5550969768436261,0.5555798961040042,0.5306660632178223,0.583728803078605,3.047774704653699,6.074172878728473,identified,2000,2000,N/A,NaN,c88914a
VRE120_wind_hvy,Wind-heavy,M2,Event-window storage MCS,200,42,1.0,1173.3917072964557,1170.555901793758,1168.161038883802,2.835805502697667,5.230668412653813,0.5421497367023698,0.5429728426176826,0.5226196406451556,0.5638946353295513,4.085949542870367,6.440956445309723,identified,2000,2000,N/A,NaN,c88914a
VRE120_wind_hvy,Wind-heavy,M2,Event-window storage MCS,500,42,1.0,1208.3491021130167,1205.2213606477585,1202.5725282964934,3.1277414652581683,5.776573816523296,0.5414526957677898,0.5414422384255644,0.530691625105448,0.5533033631391656,5.049808560195754,6.528176016638493,identified,2000,2000,N/A,NaN,c88914a
VRE120_wind_hvy,Wind-heavy,M2,Event-window storage MCS,1000,42,1.0,1182.8402075963998,1179.788727360928,1177.1688675763423,3.051480235471672,5.671340020057414,0.5380527749490817,0.5382195599815346,0.531171589805365,0.5455445230930978,5.181932265530861,6.18779624598709,identified,2000,2000,N/A,NaN,c88914a
VRE120_wind_hvy,Wind-heavy,M2,Event-window storage MCS,20,42,5.0,648.2368652992254,635.8526657226191,627.7368652992253,12.384199576606306,20.500000000000114,0.6041072964198165,0.6045401054040064,0.5485510814379333,0.654503254473027,8.743749999999972,34.00625000000024,identified,2000,2000,N/A,NaN,c88914a
VRE120_wind_hvy,Wind-heavy,M2,Event-window storage MCS,50,42,5.0,969.6241619977632,955.4260197349687,944.3413549004556,14.198142262794477,25.28280709730757,0.5615730171159069,0.5623933914996708,0.5278446214393621,0.59851999968042,15.186658923232745,37.55144987925694,identified,2000,2000,N/A,NaN,c88914a
VRE120_wind_hvy,Wind-heavy,M2,Event-window storage MCS,100,42,5.0,925.1931900272253,912.8507024055756,902.9017864785716,12.342487621649752,22.29140354865376,0.5536882231175232,0.5541611206233227,0.530197374324265,0.5820110433188866,15.0467747046537,30.142537402137553,identified,2000,2000,N/A,NaN,c88914a
VRE120_wind_hvy,Wind-heavy,M2,Event-window storage MCS,200,42,5.0,1173.3917072964557,1159.4002777639248,1147.539162333475,13.991429532530901,25.8525449629808,0.5412012454698653,0.542007750846579,0.5225786946318358,0.5624849592675867,20.13593186899733,31.936668928233033,identified,2000,2000,N/A,NaN,c88914a
VRE120_wind_hvy,Wind-heavy,M2,Event-window storage MCS,500,42,5.0,1208.3491021130167,1192.8943667644653,1179.833730786778,15.454735348551367,28.515371326238665,0.541979102138872,0.5419513866237256,0.5311139354347548,0.5539016650620364,24.916259148262274,32.27094019921146,identified,2000,2000,N/A,NaN,c88914a
VRE120_wind_hvy,Wind-heavy,M2,Event-window storage MCS,1000,42,5.0,1182.8402075963998,1167.7865259132338,1154.9431990464311,15.053681683165905,27.897008549968632,0.5396163411643946,0.5397584972419006,0.5322535569752979,0.547474546268095,25.4832856743953,30.501021011949497,identified,2000,2000,N/A,NaN,c88914a
VRE120_wind_hvy,Wind-heavy,M2,Event-window storage MCS,20,42,10.0,648.2368652992254,623.7029727260131,607.4713718792252,24.53389257321237,40.76549342000021,0.6018298937398767,0.6025363060592649,0.5481190907539927,0.6513436580934069,17.4875,67.56706167350019,identified,2000,2000,N/A,NaN,c88914a
VRE120_wind_hvy,Wind-heavy,M2,Event-window storage MCS,50,42,10.0,969.6241619977632,941.4863224094817,919.4037504284555,28.13783958828151,50.22041156930766,0.5602869173911356,0.5611430415965908,0.5273530342421926,0.5967552525112425,30.112101428540083,74.75959594910749,identified,2000,2000,N/A,NaN,c88914a
VRE120_wind_hvy,Wind-heavy,M2,Event-window storage MCS,100,42,10.0,925.1931900272253,900.6374372525795,880.889600481918,24.55575277464584,44.30358954530732,0.5542610209841746,0.5547109929335455,0.5300820959318636,0.5835610272398497,29.89699095413733,59.94497585114913,identified,2000,2000,N/A,NaN,c88914a
VRE120_wind_hvy,Wind-heavy,M2,Event-window storage MCS,200,42,10.0,1173.3917072964557,1145.6340814453313,1122.2730310761672,27.75762585112443,51.118676220288535,0.5430036124469844,0.5438504429235054,0.5241052834255508,0.5653436867760221,39.656766138208695,63.24882247244295,identified,2000,2000,N/A,NaN,c88914a
VRE120_wind_hvy,Wind-heavy,M2,Event-window storage MCS,500,42,10.0,1208.3491021130167,1177.7219147708224,1152.156776290169,30.627187342194247,56.19232582284758,0.5450421724623,0.5449652180845975,0.5335273582760994,0.5576223255979896,48.997320910259,63.60503310285504,identified,2000,2000,N/A,NaN,c88914a
VRE120_wind_hvy,Wind-heavy,M2,Event-window storage MCS,1000,42,10.0,1182.8402075963998,1153.0144976416025,1127.8781354423886,29.825709954797276,54.96207215401114,0.5426598522563271,0.5428097524285335,0.5351900266196835,0.5508595141179796,50.17985972994737,60.12728554505299,identified,2000,2000,N/A,NaN,c88914a
