scenario,hour,ls_uc_mw,ls_ed_mw,delta_ls_mw,dc_uc_mw,dc_ed_mw,soc_uc_mwh,soc_ed_mwh
15,4930,0.0,0.0,0.0,0.0,0.0,3932.0,3932.0
15,4931,0.0,0.0,0.0,0.0,0.0,3932.0,3932.0
15,4932,0.0,0.0,0.0,0.0,0.0,3932.0,3932.0
15,4933,0.0,0.0,0.0,0.0,0.0,3932.0,3932.0
15,4934,220.4514,220.4514,0.0,0.0,0.0,3932.0,3932.0
15,4935,0.0,0.0,0.0,653.1912,653.1912,3243.5,3243.5
15,4936,281.8708,281.8708,0.0,301.4996,301.4996,2925.7,2925.7
15,4937,0.0,0.0,0.0,633.1167,633.1167,2258.3,2258.3
15,4938,0.0,0.0,0.0,819.7208,819.7208,1394.2,1394.2
15,4939,0.0,0.0,0.0,798.1973,798.1973,552.9,552.9
15,4940,0.0,0.0,0.0,524.4972,524.4972,0.0,0.0
15,4941,20.6814,20.6814,0.0,0.0,0.0,0.0,0.0
15,4942,0.0,0.0,0.0,0.0,0.0,0.0,0.0
15,4943,0.0,0.0,0.0,0.0,0.0,0.0,0.0
15,4944,0.0,0.0,0.0,0.0,0.0,0.0,0.0
15,4945,0.0,0.0,0.0,0.0,0.0,0.0,0.0
15,4946,0.0,0.0,0.0,0.0,0.0,104.0,0.0
15,4947,0.0,0.0,0.0,0.0,0.0,564.1,517.6
15,4948,0.0,0.0,0.0,0.0,0.0,1166.8,1214.3
15,4949,0.0,0.0,0.0,0.0,0.0,1786.7,1898.9
15,4950,0.0,0.0,0.0,0.0,0.0,2687.4,2705.7
15,4951,0.0,0.0,0.0,0.0,0.0,3481.1,3593.3
15,4952,0.0,0.0,0.0,0.0,0.0,3882.4,3932.0
15,4953,0.0,0.0,0.0,0.0,0.0,3932.0,3932.0
15,4954,0.0,0.0,0.0,0.0,0.0,3932.0,3932.0
15,4955,0.0,0.0,0.0,0.0,0.0,3932.0,3932.0
15,4956,0.0,0.0,0.0,0.0,0.0,3932.0,3932.0
15,4957,0.0,0.0,0.0,0.0,0.0,3932.0,3932.0
15,4958,0.0,0.0,0.0,0.0,0.0,3932.0,3932.0
15,4959,0.0,0.0,0.0,70.1181,30.1181,3858.1,3900.3
15,4960,0.0,0.0,0.0,0.0,15.2747,3858.1,3884.2
15,4961,0.0,0.0,0.0,399.3159,439.3159,3437.2,3421.1
15,4962,0.0,0.0,0.0,828.6581,859.3597,2563.7,2515.2
15,4963,0.0,0.0,0.0,972.0774,952.0774,1539.0,1511.6
15,4964,0.0,0.0,0.0,881.1891,914.9562,610.2,547.2
15,4965,0.0,0.0,0.0,575.1207,519.1207,3.9,0.0
15,4966,0.0,0.0,0.0,3.7435,0.0,0.0,0.0
15,4967,0.0,0.0,0.0,0.0,0.0,7.8,0.0
15,4968,0.0,0.0,0.0,7.3589,0.0,0.0,0.0
15,4969,0.0,0.0,0.0,0.0,0.0,642.1,593.7
15,4970,0.0,0.0,0.0,0.0,0.0,1223.5,1364.9
15,4971,0.0,0.0,0.0,0.0,0.0,1867.2,1861.5
15,4972,0.0,0.0,0.0,0.0,0.0,2362.0,2546.1
15,4973,0.0,0.0,0.0,0.0,0.0,2565.4,2777.9
15,4974,0.0,0.0,0.0,0.0,0.0,3006.3,3300.4
15,4975,0.0,0.0,0.0,0.0,0.0,3489.1,3636.1
15,4976,0.0,0.0,0.0,0.0,0.0,3932.0,3932.0
15,4977,0.0,0.0,0.0,0.0,0.0,3932.0,3932.0
15,4978,0.0,0.0,0.0,0.0,0.0,3932.0,3932.0
15,4979,0.0,0.0,0.0,0.0,0.0,3932.0,3932.0
15,4980,0.0,0.0,0.0,0.0,0.0,3932.0,3932.0
15,4981,0.0,0.0,0.0,0.0,0.0,3932.0,3932.0
15,4982,0.0,0.0,0.0,0.0,0.0,3932.0,3932.0
15,4983,387.3379,0.0,387.3379,0.0,202.3379,3932.0,3718.7
15,4984,1074.6972,1074.6972,-0.0,0.0,0.0,3932.0,3718.7
15,4985,390.654,390.654,0.0,983.0,983.0,2895.8,2682.5
15,4986,1462.2009,1462.2009,0.0,0.0,0.0,2895.8,2682.5
15,4987,359.0371,352.0371,7.0,983.0,983.0,1859.7,1646.4
15,4988,259.2133,461.5512,-202.3379,973.7063,771.3684,833.3,833.3
15,4989,0.0,0.0,0.0,790.5164,790.5164,0.0,0.0
15,4990,0.0,0.0,0.0,0.0,0.0,0.0,0.0
15,4991,0.0,0.0,0.0,0.0,0.0,376.6,0.0
15,4992,0.0,0.0,0.0,0.0,0.0,376.6,0.0
11,4979,0.0,0.0,0.0,0.0,0.0,3932.0,3932.0
11,4980,0.0,0.0,0.0,0.0,0.0,3932.0,3932.0
11,4981,0.0,0.0,0.0,0.0,0.0,3932.0,3932.0
11,4982,0.0,0.0,0.0,0.0,0.0,3932.0,3932.0
11,4983,45.3379,0.0,45.3379,0.0,0.0,3932.0,3932.0
11,4984,0.0,0.0,0.0,624.6972,624.6972,3273.5,3273.5
11,4985,785.6016,0.0,785.6016,138.0524,923.654,3128.0,2299.9
11,4986,29.2009,486.286,-457.0851,983.0,525.9149,2091.8,1745.5
11,4987,0.0,0.0,0.0,885.0371,885.0371,1158.9,812.6
11,4988,0.0,0.0,0.0,770.9196,770.9196,346.3,0.0
11,4989,0.0,328.5164,-328.5164,328.5164,0.0,0.0,0.0
11,4990,0.0,0.0,0.0,0.0,0.0,0.0,0.0
11,4991,0.0,0.0,0.0,0.0,0.0,0.0,0.0
11,4992,0.0,0.0,0.0,0.0,0.0,0.0,0.0
11,4993,0.0,0.0,0.0,0.0,0.0,266.3,660.0
6,4862,0.0,0.0,0.0,3.0255,0.0,3928.8,3932.0
6,4863,0.0,0.0,0.0,75.6413,0.0,3849.1,3932.0
6,4864,0.0,0.0,0.0,646.3975,811.3975,3167.7,3076.7
6,4865,0.0,0.0,0.0,869.0499,814.0499,2251.7,2218.6
6,4866,0.0678,0.0,0.0678,983.0,983.0,1215.5,1182.5
6,4867,0.0,0.0,0.0,569.8782,635.7548,614.8,512.3
6,4868,0.0,0.0,0.0,354.0205,486.0205,241.6,0.0
6,4869,0.0,0.0,0.0,0.0,0.0,241.6,0.0
6,4870,0.0,0.0,0.0,229.2098,0.0,0.0,0.0
6,4871,0.0,0.0,0.0,0.0,0.0,0.0,364.3
6,4872,0.0,0.0,0.0,0.0,0.0,932.6,1296.8
6,4873,0.0,0.0,0.0,0.0,0.0,1865.1,2229.4
6,4874,0.0,0.0,0.0,0.0,0.0,2467.9,2685.1
6,4875,0.0,0.0,0.0,0.0,0.0,2797.3,2867.5
6,4876,0.0,0.0,0.0,0.0,0.0,2797.3,2923.3
6,4877,0.0,0.0,0.0,0.0,0.0,3002.1,2980.9
6,4878,0.0,0.0,0.0,0.0,0.0,3457.6,3289.4
6,4879,0.0,0.0,0.0,0.0,0.0,3903.7,3588.5
6,4880,0.0,0.0,0.0,0.0,0.0,3932.0,3930.0
6,4881,0.0,0.0,0.0,0.0,0.0,3932.0,3932.0
6,4882,0.0,0.0,0.0,0.0,0.0,3932.0,3932.0
6,4883,0.0,0.0,0.0,0.0,0.0,3932.0,3932.0
6,4884,0.0,0.0,0.0,0.0,0.0,3932.0,3932.0
6,4885,0.0,0.0,0.0,0.0,0.0,3932.0,3932.0
6,4886,0.0,0.0,0.0,0.0,0.0,3932.0,3932.0
6,4887,0.0,0.0,0.0,185.8013,164.2533,3736.1,3758.9
6,4888,0.0,0.0,0.0,356.7024,356.7024,3360.2,3382.9
6,4889,0.0,0.0,0.0,533.6782,610.6782,2797.6,2739.2
6,4890,0.0,0.0,0.0,702.0816,702.0816,2057.5,1999.1
6,4891,0.0,0.0,0.0,823.1595,823.1595,1189.9,1131.4
6,4892,0.0,0.0,0.0,644.6135,754.6135,510.4,336.0
6,4893,0.0,0.0,0.0,484.1862,318.7342,0.0,0.0
6,4894,0.0,0.0,0.0,0.0,0.0,0.0,0.0
6,4895,0.0,0.0,0.0,0.0,0.0,0.0,0.0
6,4896,0.0,0.0,0.0,0.0,0.0,307.1,443.8
6,4897,0.0,0.0,0.0,0.0,0.0,1239.7,1376.4
6,4898,0.0,0.0,0.0,0.0,0.0,2169.0,2308.9
6,4899,0.0,0.0,0.0,0.0,0.0,2715.5,2907.4
6,4900,0.0,0.0,0.0,0.0,0.0,3066.0,2907.4
6,4901,0.0,0.0,0.0,0.0,0.0,3066.0,3070.9
6,4902,0.0,0.0,0.0,0.0,0.0,3425.4,3473.0
6,4903,0.0,0.0,0.0,0.0,0.0,3841.8,3932.0
6,4904,0.0,0.0,0.0,0.0,0.0,3932.0,3932.0
6,4905,0.0,0.0,0.0,0.0,0.0,3932.0,3932.0
6,4906,0.0,0.0,0.0,0.0,0.0,3932.0,3932.0
6,4907,0.0,0.0,0.0,0.0,0.0,3932.0,3932.0
6,4908,0.0,0.0,0.0,0.0,0.0,3932.0,3932.0
6,4909,0.0,0.0,0.0,2.1979,0.0,3929.7,3932.0
6,4910,0.0,0.0,0.0,0.0,0.0,3929.7,3932.0
6,4911,0.0,0.0,0.0,407.1864,352.1864,3500.5,3560.8
6,4912,0.0,0.0,0.0,683.4979,719.2771,2780.0,2802.6
6,4913,0.0,0.0,0.0,604.3495,641.5676,2143.0,2126.3
6,4914,0.0,0.0,0.0,775.6708,830.6708,1325.3,1250.7
6,4915,0.0,0.0,0.0,648.1928,670.1928,642.1,544.3
6,4916,0.0,0.0,0.0,414.0633,469.0633,205.6,49.8
6,4917,0.0,0.0,0.0,135.2647,47.2647,63.0,0.0
6,4918,0.0,0.0,0.0,59.7993,0.0,0.0,0.0
6,4919,0.0,0.0,0.0,0.0,0.0,0.0,0.0
6,4920,0.0,0.0,0.0,0.0,0.0,0.0,0.0
6,4921,0.0,0.0,0.0,0.0,0.0,27.6,231.6
6,4922,0.0,0.0,0.0,0.0,0.0,517.0,749.4
6,4923,0.0,0.0,0.0,0.0,0.0,1017.5,1453.9
6,4924,0.0,0.0,0.0,0.0,0.0,1716.8,2020.4
6,4925,0.0,0.0,0.0,0.0,0.0,2321.0,2708.4
6,4926,0.0,0.0,0.0,0.0,0.0,2833.0,3087.6
6,4927,0.0,0.0,0.0,0.0,0.0,3483.4,3791.7
6,4928,0.0,0.0,0.0,0.0,0.0,3932.0,3932.0
6,4929,0.0,0.0,0.0,0.0,0.0,3932.0,3932.0
6,4930,0.0,0.0,0.0,0.0,0.0,3932.0,3932.0
6,4931,0.0,0.0,0.0,0.0,0.0,3932.0,3932.0
6,4932,0.0,0.0,0.0,0.0,0.0,3932.0,3932.0
6,4933,0.0,0.0,0.0,0.0,0.0,3932.0,3932.0
6,4934,0.0,0.0,0.0,98.4478,109.1292,3828.2,3817.0
6,4935,0.0,0.0,0.0,527.1912,547.1912,3272.5,3240.2
6,4936,0.0,0.0,0.0,469.3704,477.3704,2777.8,2737.0
6,4937,0.0,0.0,0.0,580.1167,547.1167,2166.3,2160.3
6,4938,0.0,0.0,0.0,780.7208,788.7208,1343.3,1328.9
6,4939,0.0,0.0,0.0,767.1973,767.1973,534.6,520.2
6,4940,0.0,0.0,0.0,493.4972,493.4972,14.4,0.0
6,4941,0.0,0.0,0.0,13.6814,0.0,0.0,0.0
6,4942,0.0,0.0,0.0,0.0,0.0,4.2,0.0
6,4943,0.0,0.0,0.0,4.0064,0.0,0.0,0.0
6,4944,0.0,0.0,0.0,0.0,0.0,0.0,0.0
6,4945,0.0,0.0,0.0,0.0,0.0,0.0,0.0
6,4946,0.0,0.0,0.0,0.0,0.0,0.0,0.0
6,4947,0.0,0.0,0.0,0.0,0.0,503.3,693.1
6,4948,0.0,0.0,0.0,0.0,0.0,1185.8,1228.5
6,4949,0.0,0.0,0.0,0.0,0.0,1885.4,2069.7
6,4950,0.0,0.0,0.0,0.0,0.0,2818.0,2871.7
6,4951,0.0,0.0,0.0,0.0,0.0,3691.3,3598.0
6,4952,0.0,0.0,0.0,0.0,0.0,3932.0,3932.0
6,4953,0.0,0.0,0.0,0.0,0.0,3932.0,3932.0
6,4954,0.0,0.0,0.0,0.0,0.0,3932.0,3932.0
6,4955,0.0,0.0,0.0,0.0,0.0,3932.0,3932.0
6,4956,0.0,0.0,0.0,0.0,0.0,3932.0,3932.0
6,4957,0.0,0.0,0.0,0.0,0.0,3932.0,3932.0
6,4958,0.0,0.0,0.0,0.0,0.0,3932.0,3932.0
6,4959,0.0,0.0,0.0,80.1181,80.1181,3847.5,3847.5
6,4960,0.0,0.0,0.0,5.2747,5.2747,3842.0,3842.0
6,4961,0.0,0.0,0.0,439.083,429.3159,3379.2,3389.4
6,4962,0.0,0.0,0.0,849.3597,849.3597,2483.9,2494.1
6,4963,0.0,0.0,0.0,980.0774,983.0,1450.8,1458.0
6,4964,0.0,0.0,0.0,856.1891,856.1891,548.3,555.5
6,4965,0.0,0.0,0.0,520.1207,526.9652,0.0,0.0
6,4966,0.0,0.0,0.0,0.0,0.0,28.8,0.0
6,4967,0.0,0.0,0.0,27.3299,0.0,0.0,0.0
6,4968,0.0,0.0,0.0,0.0,0.0,0.0,0.0
6,4969,0.0,0.0,0.0,0.0,0.0,546.2,588.9
6,4970,0.0,0.0,0.0,0.0,0.0,1094.5,1355.4
6,4971,0.0,0.0,0.0,0.0,0.0,1705.0,2184.1
6,4972,0.0,0.0,0.0,0.0,0.0,2166.6,2190.3
6,4973,0.0,0.0,0.0,0.0,0.0,2526.8,2754.1
6,4974,0.0,0.0,0.0,0.0,0.0,3072.7,3342.8
6,4975,0.0,0.0,0.0,0.0,0.0,3522.3,3932.0
6,4976,0.0,0.0,0.0,0.0,0.0,3932.0,3932.0
6,4977,0.0,0.0,0.0,0.0,0.0,3932.0,3932.0
6,4978,0.0,0.0,0.0,0.0,0.0,3932.0,3932.0
6,4979,0.0,0.0,0.0,0.0,0.0,3932.0,3932.0
6,4980,0.0,0.0,0.0,0.0,0.0,3932.0,3932.0
6,4981,0.0,0.0,0.0,0.0,0.0,3932.0,3932.0
6,4982,0.0,0.0,0.0,0.0,0.0,3932.0,3932.0
6,4983,0.0,0.0,0.0,0.0,0.0,3932.0,3932.0
6,4984,0.0,0.0,0.0,487.2165,483.6972,3418.4,3422.1
6,4985,0.0,0.0,0.0,782.654,782.654,2593.4,2597.1
6,4986,0.0,0.0,0.0,871.2009,871.2009,1675.1,1678.8
6,4987,0.0,0.0,0.0,744.0371,744.0371,890.8,894.5
6,4988,0.0,0.0,0.0,629.9196,661.1171,226.8,197.7
6,4989,0.0,0.0,0.0,187.5164,187.5164,29.2,0.0
6,4990,0.0,0.0,0.0,27.6782,0.0,0.0,0.0
6,4991,0.0,0.0,0.0,0.0,0.0,0.0,0.0
6,4992,0.0,0.0,0.0,0.0,0.0,0.0,0.0
6,4993,0.0,0.0,0.0,0.0,0.0,251.1,365.9
6,4994,0.0,0.0,0.0,0.0,0.0,556.2,750.7
6,4995,0.0,0.0,0.0,0.0,0.0,1187.8,1474.7
6,4996,0.0,0.0,0.0,0.0,0.0,2120.4,2288.3
6,4997,0.0,0.0,0.0,0.0,0.0,2837.6,3120.3
6,4998,0.0,0.0,0.0,0.0,0.0,3600.4,3822.4
6,4999,0.0,0.0,0.0,0.0,0.0,3932.0,3932.0
6,5000,0.0,0.0,0.0,0.0,0.0,3932.0,3932.0
6,5001,0.0,0.0,0.0,0.0,0.0,3932.0,3932.0
6,5002,0.0,0.0,0.0,0.0,0.0,3932.0,3932.0
6,5003,0.0,0.0,0.0,0.0,0.0,3932.0,3932.0
6,5004,0.0,0.0,0.0,0.0,0.0,3932.0,3932.0
6,5005,0.0,0.0,0.0,85.5483,0.0,3841.8,3932.0
6,5006,0.0,0.0,0.0,149.1803,369.1803,3684.6,3542.8
6,5007,0.0,0.0,0.0,720.4583,581.1398,2925.1,2930.3
6,5008,0.0,0.0,0.0,527.9811,417.9811,2368.6,2489.7
6,5009,0.0,0.0,0.0,629.425,806.8832,1705.1,1639.2
6,5010,0.0,0.0,0.0,237.2149,221.8649,1455.1,1405.3
6,5011,0.0,0.0,0.0,403.1249,586.8834,1030.2,786.7
6,5012,0.0,0.0,0.0,977.29,746.29,0.0,0.0
6,5013,0.0,0.0,0.0,0.0,0.0,0.0,0.0
6,5014,0.0,0.0,0.0,0.0,0.0,0.0,0.0
6,5015,0.0,0.0,0.0,0.0,0.0,0.0,0.0
6,5016,0.0,0.0,0.0,0.0,0.0,0.0,0.0
6,5017,0.0,0.0,0.0,0.0,0.0,0.0,0.0
6,5018,0.0,0.0,0.0,0.0,0.0,0.0,0.0
6,5019,0.0,0.0,0.0,0.0,0.0,268.6,157.0
6,5020,0.0,0.0,0.0,0.0,0.0,824.4,1009.2
6,5021,0.0,0.0,0.0,0.0,0.0,1756.9,1879.3
6,5022,0.0,0.0,0.0,0.0,0.0,2689.5,2811.9
6,5023,0.0,0.0,0.0,0.0,0.0,3622.1,3744.4
6,5024,0.0,0.0,0.0,0.0,0.0,3932.0,3932.0
6,5025,0.0,0.0,0.0,0.0,0.0,3932.0,3932.0
6,5026,0.0,0.0,0.0,0.0,0.0,3932.0,3932.0
6,5027,0.0,0.0,0.0,0.0,0.0,3932.0,3932.0
6,5028,0.0,0.0,0.0,0.0,0.0,3932.0,3932.0
6,5029,0.0,0.0,0.0,0.0,0.0,3932.0,3932.0
6,5030,0.0,0.0,0.0,335.9646,328.3658,3577.9,3585.9
6,5031,0.0,0.0,0.0,581.8557,581.8557,2964.5,2972.5
6,5032,0.0,0.0,0.0,253.5243,281.1231,2697.3,2676.2
6,5033,0.0,0.0,0.0,611.4432,776.4432,2052.8,1857.8
6,5034,0.0,0.0,0.0,568.5877,568.5877,1453.4,1258.4
6,5035,0.0,0.0,0.0,678.3957,678.3957,738.3,543.3
6,5036,0.0,0.0,0.0,700.4516,515.4516,0.0,0.0
6,5037,0.0,0.0,0.0,0.0,0.0,0.0,0.0
6,5038,0.0,0.0,0.0,0.0,0.0,0.0,0.0
6,5039,0.0,0.0,0.0,0.0,0.0,540.4,655.4
6,5040,0.0,0.0,0.0,0.0,0.0,1163.6,1255.8
6,5041,0.0,0.0,0.0,0.0,0.0,1163.6,1255.8
6,5042,0.0,0.0,0.0,0.0,0.0,1163.6,1255.8
6,5043,0.0,0.0,0.0,0.0,0.0,1411.9,1503.0
6,5044,0.0,0.0,0.0,0.0,0.0,1847.3,1915.6
6,5045,0.0,0.0,0.0,0.0,0.0,2393.3,2438.9
6,5046,0.0,0.0,0.0,0.0,0.0,3258.0,3280.8
6,5047,0.0,0.0,0.0,0.0,0.0,3932.0,3932.0
6,5048,0.0,0.0,0.0,0.0,0.0,3932.0,3932.0
6,5049,0.0,0.0,0.0,0.0,0.0,3932.0,3932.0
6,5050,0.0,0.0,0.0,0.0,0.0,3932.0,3932.0
6,5051,0.0,0.0,0.0,0.0,0.0,3932.0,3932.0
6,5052,0.0,0.0,0.0,0.0,0.0,3932.0,3932.0
6,5053,0.0,0.0,0.0,0.0,0.0,3932.0,3932.0
6,5054,0.0,0.0,0.0,0.0,0.0,3932.0,3932.0
6,5055,0.0,0.0,0.0,0.0,0.0,3932.0,3932.0
6,5056,0.0,0.0,0.0,146.9883,175.8542,3777.1,3746.6
6,5057,0.0,0.0,0.0,563.1623,662.1623,3183.4,3048.7
6,5058,0.0,0.0,0.0,868.5394,983.0,2267.9,2012.5
6,5059,0.0,0.0,0.0,712.6449,877.6449,1516.7,1087.4
6,5060,0.0,0.0,0.0,593.4913,758.4913,891.1,287.8
6,5061,0.0,0.0,0.0,281.0638,217.7373,594.9,58.3
6,5062,0.0,0.0,0.0,564.3328,55.3328,0.0,0.0
6,5063,0.0,0.0,0.0,0.0,0.0,0.0,0.0
6,5064,0.0,0.0,0.0,0.0,0.0,0.0,0.0
6,5065,0.0,0.0,0.0,0.0,0.0,245.8,596.8
6,5066,0.0,0.0,0.0,0.0,0.0,691.0,1056.3
6,5067,0.0,0.0,0.0,0.0,0.0,1101.7,1353.7
6,5068,0.0,0.0,0.0,0.0,0.0,1400.6,1666.9
6,5069,0.0,0.0,0.0,0.0,0.0,1932.2,2037.2
6,5070,0.0,0.0,0.0,0.0,0.0,2500.6,2619.8
6,5071,0.0,0.0,0.0,0.0,0.0,3356.5,3314.4
6,5072,0.0,0.0,0.0,0.0,0.0,3802.7,3774.9
6,5073,0.0,0.0,0.0,0.0,0.0,3932.0,3932.0
6,5074,0.0,0.0,0.0,0.0,0.0,3932.0,3932.0
6,5075,0.0,0.0,0.0,0.0,0.0,3932.0,3932.0
6,5076,0.0,0.0,0.0,0.0,0.0,3932.0,3932.0
6,5077,0.0,0.0,0.0,0.0,0.0,3932.0,3932.0
6,5078,0.0,0.0,0.0,253.9819,38.4291,3664.3,3891.5
6,5079,0.0,0.0,0.0,589.4853,699.4853,3042.9,3154.2
6,5080,0.0,0.0,0.0,295.0294,405.0294,2731.9,2727.2
6,5081,0.0,0.0,0.0,631.5931,741.5931,2066.2,1945.5
6,5082,0.0,0.0,0.0,511.6519,615.2047,1526.8,1297.0
6,5083,0.0,0.0,0.0,498.2153,608.2153,1001.7,655.9
6,5084,0.0,0.0,0.0,212.7977,322.7977,777.4,315.7
6,5085,0.0,0.0,0.0,737.468,299.468,0.0,0.0
6,5086,0.0,0.0,0.0,0.0,0.0,0.0,0.0
6,5087,0.0,0.0,0.0,0.0,0.0,134.2,0.0
6,5088,0.0,0.0,0.0,127.3146,0.0,0.0,0.0
6,5089,0.0,0.0,0.0,0.0,0.0,0.0,0.0
6,5090,0.0,0.0,0.0,0.0,0.0,0.0,0.0
6,5091,0.0,0.0,0.0,0.0,0.0,194.4,307.3
6,5092,0.0,0.0,0.0,0.0,0.0,962.2,1180.4
6,5093,0.0,0.0,0.0,0.0,0.0,1707.8,1909.8
6,5094,0.0,0.0,0.0,0.0,0.0,2640.3,2806.0
6,5095,0.0,0.0,0.0,0.0,0.0,3572.9,3738.5
6,5096,0.0,0.0,0.0,0.0,0.0,3932.0,3932.0
6,5097,0.0,0.0,0.0,0.0,0.0,3932.0,3932.0
6,5098,0.0,0.0,0.0,0.0,0.0,3932.0,3932.0
6,5099,0.0,0.0,0.0,0.0,0.0,3932.0,3932.0
6,5100,0.0,0.0,0.0,0.0,0.0,3932.0,3932.0
6,5101,0.0,0.0,0.0,0.0,0.0,3932.0,3932.0
6,5102,0.0,0.0,0.0,0.0,0.0,3932.0,3932.0
6,5103,0.0,0.0,0.0,0.0,0.0,3932.0,3932.0
6,5104,0.0,0.0,0.0,422.383,0.0,3486.8,3932.0
6,5105,0.0,0.0,0.0,542.7772,0.0,2914.6,3932.0
6,5106,0.0,0.0,0.0,677.1651,163.224,2200.8,3759.9
6,5107,0.0,0.0,0.0,843.2018,303.2018,1312.0,3440.3
6,5108,0.0,0.0,0.0,884.9973,529.9973,379.2,2881.7
6,5109,0.0,0.0,0.0,359.6983,55.9781,0.0,2822.7
6,5110,0.0,0.0,0.0,0.0,0.0,0.0,2822.7
6,5111,0.0,0.0,0.0,0.0,0.0,0.0,2822.7
6,5112,0.0,0.0,0.0,0.0,0.0,0.0,2822.7
6,5113,0.0,0.0,0.0,0.0,0.0,0.0,2822.7
6,5114,0.0,0.0,0.0,0.0,0.0,195.5,2822.7
6,5115,0.0,0.0,0.0,0.0,0.0,677.5,2822.7
6,5116,0.0,0.0,0.0,0.0,0.0,1356.0,2987.9
6,5117,0.0,0.0,0.0,0.0,0.0,2124.9,3224.6
6,5118,0.0,0.0,0.0,0.0,0.0,3057.4,3704.0
6,5119,0.0,0.0,0.0,0.0,0.0,3886.9,3932.0
6,5120,0.0,0.0,0.0,0.0,0.0,3932.0,3932.0
6,5121,0.0,0.0,0.0,0.0,0.0,3932.0,3932.0
6,5122,0.0,0.0,0.0,0.0,0.0,3932.0,3932.0
6,5123,0.0,0.0,0.0,0.0,0.0,3932.0,3932.0
6,5124,0.0,0.0,0.0,0.0,0.0,3932.0,3932.0
6,5125,0.0,0.0,0.0,0.0,0.0,3932.0,3932.0
6,5126,0.0,0.0,0.0,0.0,0.0,3932.0,3932.0
6,5127,0.0,0.0,0.0,0.0,0.0,3932.0,3932.0
6,5128,0.0,0.0,0.0,81.8279,26.8279,3845.7,3903.7
6,5129,0.0,0.0,0.0,357.1309,489.1309,3469.3,3388.1
6,5130,0.0,0.0,0.0,770.9968,704.9968,2656.6,2645.0
6,5131,0.0,0.0,0.0,840.8549,840.8549,1770.3,1758.7
6,5132,0.0,0.0,0.0,951.8369,983.0,766.9,722.5
6,5133,0.0,0.0,0.0,727.5752,685.4121,0.0,0.0
6,5134,0.0,0.0,0.0,0.0,0.0,0.0,0.0
6,5135,0.0,0.0,0.0,0.0,0.0,80.0,0.0
6,5136,0.0,0.0,0.0,75.9397,0.0,0.0,0.0
6,5137,0.0,0.0,0.0,0.0,0.0,0.0,0.0
6,5138,0.0,0.0,0.0,0.0,0.0,701.4,431.0
6,5139,0.0,0.0,0.0,0.0,0.0,1278.3,1142.9
6,5140,0.0,0.0,0.0,0.0,0.0,1278.3,1741.7
6,5141,0.0,0.0,0.0,0.0,0.0,2066.9,2112.9
6,5142,0.0,0.0,0.0,0.0,0.0,2999.4,2999.4
6,5143,0.0,0.0,0.0,0.0,0.0,3932.0,3932.0
6,5144,0.0,0.0,0.0,0.0,0.0,3932.0,3932.0
6,5145,0.0,0.0,0.0,0.0,0.0,3932.0,3932.0
6,5146,0.0,0.0,0.0,0.0,0.0,3932.0,3932.0
6,5147,0.0,0.0,0.0,0.0,0.0,3932.0,3932.0
6,5148,0.0,0.0,0.0,0.0,0.0,3932.0,3932.0
6,5149,0.0,0.0,0.0,0.0,0.0,3932.0,3932.0
6,5150,0.0,0.0,0.0,0.0,0.0,3932.0,3932.0
6,5151,0.0,0.0,0.0,0.0,0.0,3932.0,3932.0
6,5152,0.0,0.0,0.0,0.0,0.0,3932.0,3932.0
6,5153,0.0,0.0,0.0,0.0,0.0,3932.0,3932.0
6,5154,0.0,0.0,0.0,424.0039,424.0039,3485.1,3485.1
6,5155,0.0,0.0,0.0,983.0,983.0,2448.9,2448.9
6,5156,0.0,0.0,0.0,983.0,983.0,1412.7,1412.7
6,5157,0.0,0.0,0.0,918.1582,983.0,444.9,376.5
6,5158,0.0,0.0,0.0,0.0,0.0,444.9,444.9
6,5159,0.0,0.0,0.0,0.0,0.0,1055.2,1244.9
6,5160,0.0,0.0,0.0,0.0,0.0,1817.7,1860.4
6,5161,0.0,0.0,0.0,0.0,0.0,2485.2,2380.9
6,5162,0.0,0.0,0.0,0.0,0.0,2883.4,2632.1
6,5163,0.0,0.0,0.0,0.0,0.0,3100.0,3161.5
6,5164,0.0,0.0,0.0,0.0,0.0,3387.3,3301.8
6,5165,0.0,0.0,0.0,0.0,0.0,3387.3,3585.8
6,5166,0.0,0.0,0.0,0.0,0.0,3635.2,3686.7
6,5167,0.0,0.0,0.0,0.0,0.0,3932.0,3932.0
6,5168,0.0,0.0,0.0,0.0,0.0,3932.0,3932.0
6,5169,0.0,0.0,0.0,0.0,0.0,3932.0,3932.0
6,5170,0.0,0.0,0.0,0.0,0.0,3932.0,3932.0
6,5171,0.0,0.0,0.0,0.0,0.0,3932.0,3932.0
6,5172,0.0,0.0,0.0,0.0,0.0,3932.0,3932.0
6,5173,0.0,0.0,0.0,6.9409,0.0,3924.7,3932.0
6,5174,0.0,0.0,0.0,37.0814,0.0,3885.6,3932.0
6,5175,0.0,0.0,0.0,185.47,0.0,3690.1,3932.0
6,5176,0.0,0.0,0.0,181.7165,288.9781,3498.5,3627.4
6,5177,0.0,0.0,0.0,463.1673,539.0425,3010.3,3059.2
6,5178,0.0,0.0,0.0,707.2198,817.2198,2264.9,2197.8
6,5179,0.0,0.0,0.0,755.8372,707.938,1468.1,1451.5
6,5180,0.0,0.0,0.0,665.0761,775.0761,767.1,634.5
6,5181,0.0,0.0,0.0,467.7885,392.7885,274.0,220.5
6,5182,0.0,0.0,0.0,256.1797,209.1797,3.9,0.0
6,5183,0.0,0.0,0.0,3.7453,0.0,0.0,0.0
6,5184,0.0,0.0,0.0,0.0,0.0,0.0,0.0
6,5185,0.0,0.0,0.0,0.0,0.0,0.0,0.0
6,5186,0.0,0.0,0.0,0.0,0.0,0.0,0.0
6,5187,0.0,0.0,0.0,0.0,0.0,27.4,0.0
6,5188,0.0,0.0,0.0,0.0,0.0,224.6,211.5
6,5189,0.0,0.0,0.0,0.0,0.0,306.3,307.4
6,5190,0.0,0.0,0.0,0.0,0.0,820.6,835.9
6,5191,0.0,0.0,0.0,0.0,0.0,1548.7,1578.3
6,5192,0.0,0.0,0.0,0.0,0.0,2419.9,2463.7
6,5193,0.0,0.0,0.0,0.0,0.0,3113.7,3171.8
6,5194,0.0,0.0,0.0,0.0,0.0,3613.3,3685.5
6,5195,0.0,0.0,0.0,0.0,0.0,3841.0,3887.4
6,5196,0.0,0.0,0.0,0.0,0.0,3841.0,3887.4
6,5197,0.0,0.0,0.0,68.506,68.506,3768.8,3815.2
6,5198,0.0,0.0,0.0,441.4873,441.4873,3303.4,3349.8
6,5199,0.0,0.0,0.0,445.7621,445.7621,2833.6,2879.9
6,5200,0.0,0.0,0.0,813.525,813.525,1976.0,2022.4
6,5201,3.11,0.0,3.11,983.0,983.0,939.8,986.2
6,5202,0.0,0.0,0.0,554.5688,598.5688,355.3,355.3
6,5203,0.0,0.0,0.0,157.2472,157.2472,189.5,189.5
6,5204,0.0,0.0,0.0,0.0,0.0,189.5,189.5
6,5205,0.0,0.0,0.0,179.8015,179.8015,0.0,0.0
6,5206,0.0,0.0,0.0,0.0,0.0,447.1,761.1
6,5207,0.0,0.0,0.0,0.0,0.0,1223.8,1515.0
6,5208,0.0,0.0,0.0,0.0,0.0,1600.3,1868.8
6,5209,0.0,0.0,0.0,0.0,0.0,1983.9,2229.6
6,5210,0.0,0.0,0.0,0.0,0.0,2292.3,2515.2
6,5211,0.0,0.0,0.0,0.0,0.0,2401.1,2601.3
6,5212,0.0,0.0,0.0,0.0,0.0,2569.6,2747.0
6,5213,0.0,0.0,0.0,0.0,0.0,2931.1,2953.9
6,5214,0.0,0.0,0.0,0.0,0.0,3311.3,3398.8
6,5215,0.0,0.0,0.0,0.0,0.0,3888.4,3932.0
6,5216,0.0,0.0,0.0,0.0,0.0,3932.0,3932.0
6,5217,0.0,0.0,0.0,0.0,0.0,3932.0,3932.0
6,5218,0.0,0.0,0.0,0.0,0.0,3932.0,3932.0
6,5219,0.0,0.0,0.0,0.0,0.0,3932.0,3932.0
6,5220,0.0,0.0,0.0,0.0,0.0,3932.0,3932.0
6,5221,0.0,0.0,0.0,0.0,0.0,3932.0,3932.0
6,5222,0.0,0.0,0.0,0.0,0.0,3932.0,3932.0
6,5223,0.0,0.0,0.0,0.0,0.0,3932.0,3932.0
6,5224,0.0,0.0,0.0,343.1699,310.1699,3570.3,3605.1
6,5225,0.0,0.0,0.0,674.9258,751.9258,2858.8,2812.5
6,5226,0.0,0.0,0.0,975.4355,928.4355,1830.6,1833.8
6,5227,0.0,0.0,0.0,867.612,910.8933,916.1,873.6
6,5228,0.0,0.0,0.0,702.0279,757.0279,176.1,75.7
6,5229,0.0,0.0,0.0,149.5358,71.7704,18.5,0.0
6,5230,0.0,0.0,0.0,17.5159,0.0,0.0,0.0
6,5231,0.0,0.0,0.0,0.0,0.0,0.0,0.0
6,5232,0.0,0.0,0.0,0.0,0.0,0.0,0.0
6,5233,0.0,0.0,0.0,0.0,0.0,256.1,460.1
6,5234,0.0,0.0,0.0,0.0,0.0,840.3,948.9
6,5235,0.0,0.0,0.0,0.0,0.0,1245.7,1382.7
6,5236,0.0,0.0,0.0,0.0,0.0,1481.0,1646.5
6,5237,0.0,0.0,0.0,0.0,0.0,1576.6,1646.5
6,5238,0.0,0.0,0.0,0.0,0.0,2114.2,2212.6
6,5239,0.0,0.0,0.0,0.0,0.0,2601.2,2903.6
6,5240,0.0,0.0,0.0,0.0,0.0,3294.1,3624.9
6,5241,0.0,0.0,0.0,0.0,0.0,3567.1,3932.0
6,5242,0.0,0.0,0.0,0.0,0.0,3932.0,3932.0
6,5243,0.0,0.0,0.0,0.0,0.0,3932.0,3932.0
6,5244,0.0,0.0,0.0,0.0,0.0,3932.0,3932.0
6,5245,0.0,0.0,0.0,0.0,0.0,3932.0,3932.0
6,5246,0.0,0.0,0.0,0.0,0.0,3932.0,3932.0
6,5247,0.0,0.0,0.0,2.4053,0.0,3929.5,3932.0
6,5248,0.0,0.0,0.0,325.5763,215.5763,3586.3,3704.8
6,5249,0.0,0.0,0.0,608.4962,651.3591,2944.9,3018.2
6,5250,0.0,0.0,0.0,837.8787,890.1203,2061.7,2079.9
6,5251,0.0,0.0,0.0,786.6675,841.6675,1232.4,1192.7
6,5252,0.0,0.0,0.0,724.2952,722.84,469.0,430.8
6,5253,0.0,0.0,0.0,353.6594,408.6594,96.2,0.0
6,5254,0.0,0.0,0.0,91.244,0.0,0.0,0.0
6,5255,0.0,0.0,0.0,0.0,0.0,0.0,0.0
6,5256,0.0,0.0,0.0,0.0,0.0,563.1,93.5
6,5257,0.0,0.0,0.0,0.0,0.0,1133.8,762.7
6,5258,0.0,0.0,0.0,0.0,0.0,1585.4,762.7
6,5259,0.0,0.0,0.0,0.0,0.0,1712.2,762.7
6,5260,0.0,0.0,0.0,0.0,0.0,1897.0,762.7
6,5261,0.0,0.0,0.0,0.0,0.0,2106.1,762.7
6,5262,0.0,0.0,0.0,0.0,0.0,2487.9,762.7
6,5263,0.0,0.0,0.0,0.0,0.0,2711.6,762.7
6,5264,0.0,0.0,0.0,0.0,0.0,2886.1,762.7
6,5265,0.0,0.0,0.0,0.0,0.0,2886.1,804.8
6,5266,0.0,0.0,0.0,0.0,0.0,2897.6,804.8
6,5267,0.0,0.0,0.0,0.0,0.0,2897.6,804.8
6,5268,0.0,0.0,0.0,0.0,0.0,2897.6,804.8
6,5269,0.0,0.0,0.0,0.0,0.0,2897.6,804.8
6,5270,0.0,0.0,0.0,0.0,0.0,2897.6,804.8
6,5271,0.0,0.0,0.0,0.0,0.0,2897.6,804.8
6,5272,0.0,0.0,0.0,252.939,0.0,2631.0,804.8
6,5273,0.0,0.0,0.0,569.9449,214.9449,2030.2,578.2
6,5274,0.0,0.0,0.0,452.3988,97.3988,1553.3,475.6
6,5275,0.0,0.0,0.0,488.9861,133.9861,1037.9,334.3
6,5276,0.0,0.0,0.0,672.1835,317.1835,329.4,0.0
6,5277,0.0,0.0,0.0,312.458,0.0,0.0,0.0
6,5278,0.0,0.0,0.0,0.0,0.0,163.8,220.8
6,5279,0.0,0.0,0.0,0.0,0.0,870.9,1043.5
6,5280,0.0,0.0,0.0,0.0,0.0,1552.0,1840.4
6,5281,0.0,0.0,0.0,0.0,0.0,2167.9,2399.3
6,5282,0.0,0.0,0.0,0.0,0.0,2447.9,2458.2
6,5283,0.0,0.0,0.0,0.0,0.0,2500.7,2626.7
6,5284,0.0,0.0,0.0,0.0,0.0,2529.5,2626.7
6,5285,0.0,0.0,0.0,0.0,0.0,2603.3,2626.7
6,5286,0.0,0.0,0.0,0.0,0.0,2923.5,3062.6
6,5287,0.0,0.0,0.0,0.0,0.0,3457.1,3712.0
6,5288,0.0,0.0,0.0,0.0,0.0,3898.2,3932.0
6,5289,0.0,0.0,0.0,0.0,0.0,3932.0,3932.0
6,5290,0.0,0.0,0.0,0.0,0.0,3932.0,3932.0
6,5291,0.0,0.0,0.0,0.0,0.0,3932.0,3932.0
6,5292,0.0,0.0,0.0,0.0,0.0,3932.0,3932.0
6,5293,0.0,0.0,0.0,0.0,0.0,3932.0,3932.0
6,5294,0.0,0.0,0.0,0.0,0.0,3932.0,3932.0
6,5295,0.0,0.0,0.0,0.0,0.0,3932.0,3932.0
6,5296,0.0,0.0,0.0,126.2041,126.2041,3799.0,3799.0
6,5297,0.0,0.0,0.0,433.8707,433.8707,3341.6,3341.6
6,5298,0.0,0.0,0.0,947.0586,876.8654,2343.3,2417.3
6,5299,0.0,0.0,0.0,950.0,983.0,1342.0,1381.2
6,5300,0.0,0.0,0.0,726.2065,726.2065,576.5,615.7
6,5301,0.0,0.0,0.0,458.6304,584.0761,93.0,0.0
6,5302,0.0,0.0,0.0,88.2525,0.0,0.0,0.0
6,5303,0.0,0.0,0.0,0.0,0.0,0.0,0.0
6,5304,0.0,0.0,0.0,0.0,0.0,0.0,0.0
6,5305,0.0,0.0,0.0,0.0,0.0,0.0,0.0
6,5306,0.0,0.0,0.0,0.0,0.0,0.0,0.0
6,5307,0.0,0.0,0.0,0.0,0.0,0.0,0.0
6,5308,0.0,0.0,0.0,0.0,0.0,0.0,0.0
6,5309,0.0,0.0,0.0,0.0,0.0,109.3,78.8
6,5310,0.0,0.0,0.0,0.0,0.0,766.7,940.2
6,5311,0.0,0.0,0.0,0.0,0.0,1639.9,1680.6
6,5312,0.0,0.0,0.0,0.0,0.0,2543.8,2591.3
6,5313,0.0,0.0,0.0,0.0,0.0,3140.8,3230.9
6,5314,0.0,0.0,0.0,0.0,0.0,3785.4,3742.7
6,5315,0.0,0.0,0.0,0.0,0.0,3932.0,3932.0
6,5316,0.0,0.0,0.0,0.0,0.0,3932.0,3932.0
6,5317,0.0,0.0,0.0,0.0,0.0,3932.0,3932.0
6,5318,0.0,0.0,0.0,0.0,0.0,3932.0,3932.0
6,5319,0.0,0.0,0.0,0.0,0.0,3932.0,3932.0
6,5320,0.0,0.0,0.0,15.1859,15.1859,3916.0,3916.0
6,5321,0.0,0.0,0.0,445.4057,445.4057,3446.5,3446.5
6,5322,0.0,0.0,0.0,873.6425,873.6425,2525.6,2525.6
6,5323,0.0,0.0,0.0,886.2912,845.5161,1591.4,1634.3
6,5324,0.0,0.0,0.0,876.4045,898.4045,667.5,687.3
6,5325,0.0,0.0,0.0,533.7908,651.5659,104.9,0.5
6,5326,0.0,0.0,0.0,99.5021,0.5021,0.0,0.0
6,5327,0.0,0.0,0.0,0.0,0.0,0.0,0.0
6,5328,0.0,0.0,0.0,0.0,0.0,0.0,0.0
6,5329,0.0,0.0,0.0,0.0,0.0,181.1,356.6
6,5330,0.0,0.0,0.0,0.0,0.0,701.0,876.5
6,5331,0.0,0.0,0.0,0.0,0.0,1134.4,1485.4
6,5332,0.0,0.0,0.0,0.0,0.0,1581.6,2108.1
6,5333,0.0,0.0,0.0,0.0,0.0,2166.4,2531.7
6,5334,0.0,0.0,0.0,0.0,0.0,2878.3,3419.1
6,5335,0.0,0.0,0.0,0.0,0.0,3376.9,3827.9
6,5336,0.0,0.0,0.0,0.0,0.0,3664.1,3932.0
6,5337,0.0,0.0,0.0,0.0,0.0,3932.0,3932.0
6,5338,0.0,0.0,0.0,0.0,0.0,3932.0,3932.0
6,5339,0.0,0.0,0.0,80.52,43.632,3847.1,3886.0
6,5340,0.0,0.0,0.0,0.0,0.0,3932.0,3932.0
6,5341,0.0,0.0,0.0,0.0,0.0,3932.0,3932.0
6,5342,0.0,0.0,0.0,18.3083,0.0,3912.7,3932.0
6,5343,0.0,0.0,0.0,336.8054,270.8054,3557.7,3646.5
6,5344,0.0,0.0,0.0,0.0,0.0,3557.7,3646.5
6,5345,0.0,0.0,0.0,427.2287,510.4173,3107.3,3108.5
6,5346,0.0,0.0,0.0,983.0,983.0,2071.2,2072.3
6,5347,0.0,0.0,0.0,983.0,983.0,1035.0,1036.2
6,5348,0.0,0.0,0.0,981.8802,983.0,0.0,0.0
6,5349,0.0,0.0,0.0,0.0,0.0,0.0,0.0
6,5350,0.0,0.0,0.0,0.0,0.0,0.0,0.0
6,5351,0.0,0.0,0.0,0.0,0.0,283.1,0.0
6,5352,0.0,0.0,0.0,78.0432,0.0,200.8,0.0
6,5353,0.0,0.0,0.0,0.0,0.0,200.8,0.0
6,5354,0.0,0.0,0.0,190.5088,0.0,0.0,0.0
6,5355,0.0,0.0,0.0,0.0,0.0,0.0,0.0
6,5356,0.0,0.0,0.0,0.0,0.0,932.6,932.6
6,5357,0.0,0.0,0.0,0.0,0.0,1636.7,1865.1
6,5358,0.0,0.0,0.0,0.0,0.0,2344.8,2693.7
6,5359,0.0,0.0,0.0,0.0,0.0,3245.3,3382.6
6,5360,0.0,0.0,0.0,0.0,0.0,3932.0,3932.0
6,5361,0.0,0.0,0.0,0.0,0.0,3932.0,3932.0
6,5362,0.0,0.0,0.0,0.0,0.0,3932.0,3932.0
6,5363,0.0,0.0,0.0,0.0,0.0,3932.0,3932.0
6,5364,0.0,0.0,0.0,5.4836,0.0,3926.2,3932.0
6,5365,0.0,0.0,0.0,4.5457,0.0,3921.4,3932.0
6,5366,0.0,0.0,0.0,163.5878,163.5878,3749.0,3759.6
6,5367,0.0,0.0,0.0,706.816,706.816,3003.9,3014.5
6,5368,0.0,0.0,0.0,882.5547,809.1488,2073.6,2161.6
6,5369,0.0,0.0,0.0,825.3361,983.0,1203.7,1125.4
6,5370,0.0,0.0,0.0,977.9917,983.0,172.8,89.3
6,5371,0.0,0.0,0.0,83.6081,84.67,84.6,0.0
6,5372,0.0,0.0,0.0,0.0,0.0,84.6,0.0
6,5373,0.0,0.0,0.0,80.2988,0.0,0.0,0.0
6,5374,0.0,0.0,0.0,0.0,0.0,0.0,0.0
6,5375,0.0,0.0,0.0,0.0,0.0,101.4,112.7
6,5376,0.0,0.0,0.0,0.0,0.0,803.5,811.9
6,5377,0.0,0.0,0.0,0.0,0.0,1246.5,1252.1
6,5378,0.0,0.0,0.0,0.0,0.0,1887.0,1889.8
6,5379,0.0,0.0,0.0,0.0,0.0,2590.2,2590.1
6,5380,0.0,0.0,0.0,0.0,0.0,2944.2,3029.5
6,5381,0.0,0.0,0.0,0.0,0.0,3342.3,3424.7
6,5382,0.0,0.0,0.0,0.0,0.0,3812.5,3892.1
6,5383,0.0,0.0,0.0,0.0,0.0,3932.0,3932.0
6,5384,0.0,0.0,0.0,0.0,0.0,3932.0,3932.0
6,5385,0.0,0.0,0.0,0.0,0.0,3932.0,3932.0
6,5386,0.0,0.0,0.0,0.0,0.0,3932.0,3932.0
6,5387,0.0,0.0,0.0,0.0,0.0,3932.0,3932.0
6,5388,0.0,0.0,0.0,0.0,0.0,3932.0,3932.0
6,5389,0.0,0.0,0.0,0.0,0.0,3932.0,3932.0
6,5390,0.0,0.0,0.0,426.5305,426.5305,3482.4,3482.4
6,5391,84.7216,437.8724,-353.1508,983.0,629.8492,2446.2,2818.5
6,5392,99.9884,99.9884,0.0,983.0,983.0,1410.1,1782.3
6,5393,172.7643,172.7643,0.0,983.0,983.0,373.9,746.1
6,5394,353.1508,0.0,353.1508,75.3556,428.5064,294.4,294.4
6,5395,0.0,0.0,0.0,279.3366,279.3366,0.0,0.0
6,5396,198.3051,198.3051,0.0,0.0,0.0,0.0,0.0
6,5397,0.0,0.0,0.0,0.0,0.0,0.0,0.0
6,5398,0.0,0.0,0.0,0.0,0.0,0.0,0.0
6,5399,0.0,0.0,0.0,0.0,0.0,0.0,0.0
6,5400,0.0,0.0,0.0,0.0,0.0,0.0,0.0
6,5401,0.0,0.0,0.0,0.0,0.0,0.0,107.9
6,5402,0.0,0.0,0.0,0.0,0.0,0.0,261.0
6,5403,0.0,0.0,0.0,0.0,0.0,932.6,1193.5
6,5404,0.0,0.0,0.0,0.0,0.0,1865.1,2126.1
6,5405,0.0,0.0,0.0,0.0,0.0,2359.3,2804.2
6,5406,0.0,0.0,0.0,0.0,0.0,2949.8,3408.9
6,5407,0.0,0.0,0.0,0.0,0.0,3613.8,3750.3
6,5408,0.0,0.0,0.0,0.0,0.0,3932.0,3932.0
6,5409,0.0,0.0,0.0,0.0,0.0,3932.0,3932.0
6,5410,0.0,0.0,0.0,0.0,0.0,3932.0,3932.0
6,5411,0.0,0.0,0.0,0.0,0.0,3932.0,3932.0
6,5412,0.0,0.0,0.0,0.0,0.0,3932.0,3932.0
6,5413,0.0,0.0,0.0,274.1636,274.1636,3643.0,3643.0
6,5414,0.0,0.0,0.0,868.0305,868.0305,2728.0,2728.0
6,5415,339.3099,339.3099,0.0,983.0,983.0,1691.8,1691.8
6,5416,8.5298,265.0005,-256.4707,983.0,726.5293,655.7,926.0
6,5417,256.4707,0.0,256.4707,622.0286,878.4993,0.0,0.0
6,5418,0.0,0.0,0.0,0.0,0.0,169.8,93.9
6,5419,0.0,0.0,0.0,155.0907,89.0907,6.3,0.0
6,5420,0.0,0.0,0.0,0.0,0.0,6.3,0.0
6,5421,0.0,0.0,0.0,5.9537,0.0,0.0,0.0
