hour,rel_hour,scenario_id,m1c_load_shed_mw,m2_load_shed_mw,m3_load_shed_mw,m1c_storage_discharge_mw,m2_storage_discharge_mw,m3_storage_discharge_mw,m1c_soc_mwh,m2_soc_mwh,m3_soc_mwh
4959,-24,15,0.0,0.0,0.0,81.51810040000055,81.51810040000055,145.51810040000055,3846.072377401905,3329.180049538334,3778.61045398498
4960,-23,15,0.0,0.0,0.0,1.8747472000013659,1.8747472000004564,65.87474720000046,3844.096220338896,3327.203892475326,3709.1723735050464
4961,-22,15,0.0,0.0,0.0,391.1158887999991,391.1158888,455.1158888,3431.8238744425166,2914.931546578946,3229.438104191741
4962,-21,15,0.0,0.0,0.0,717.7597103999997,717.7597103999997,781.7597103999997,2675.238708586902,2158.346380723331,2405.3910149192006
4963,-20,15,0.0,0.0,0.0,873.277386400001,873.277386400001,937.277386400001,1754.7235185392508,1237.83119067568,1417.4139014546242
4964,-19,15,0.0,0.0,0.0,771.789081599999,771.789081599999,878.1561999346193,941.1863948374017,424.294066973831,491.75599039075644
4965,-18,15,0.0,0.0,0.0,402.52069479999955,402.52069479999955,466.52069479999955,516.8923278635707,0.0,0.0
4966,-17,15,0.0,0.0,0.0,0.0,0.0,0.0,673.4786696124595,0.0,0.0
4967,-16,15,0.0,0.0,0.0,0.0,0.0,0.0,1260.2109530455364,0.0,0.0
4968,-15,15,0.0,0.0,0.0,0.0,0.0,0.0,2192.7666350291915,0.0,0.0
4969,-14,15,0.0,0.0,0.0,0.0,0.0,0.0,3125.3223170128467,0.0,0.0
4970,-13,15,0.0,0.0,0.0,0.0,0.0,0.0,3932.0,0.0,185.29157707448113
4971,-12,15,0.0,0.0,0.0,0.0,0.0,0.0,3932.0,0.0,530.5134106126133
4972,-11,15,0.0,0.0,0.0,0.0,0.0,0.0,3932.0,0.0,916.6237959780103
4973,-10,15,0.0,0.0,0.0,0.0,0.0,0.0,3932.0,0.0,1325.05114575451
4974,-9,15,0.0,0.0,0.0,0.0,0.0,0.0,3932.0,0.0,2017.2646042916847
4975,-8,15,0.0,0.0,0.0,0.0,0.0,0.0,3932.0,0.0,2949.8202862753396
4976,-7,15,0.0,0.0,0.0,0.0,0.0,0.0,3932.0,0.0,3593.1072081111924
4977,-6,15,0.0,0.0,0.0,0.0,0.0,0.0,3932.0,347.6132371385544,3932.0
4978,-5,15,0.0,0.0,0.0,0.0,0.0,0.0,3932.0,1280.1689191222094,3932.0
4979,-4,15,0.0,0.0,0.0,0.0,0.0,0.0,3932.0,2212.7246011058646,3932.0
4980,-3,15,0.0,0.0,0.0,0.0,0.0,0.0,3932.0,2998.8303540926645,3932.0
4981,-2,15,0.0,0.0,0.0,0.0,0.0,0.0,3932.0,3636.9267191957088,3932.0
4982,-1,15,0.0,0.0,0.0,0.0,0.0,0.0,3932.0,3932.0,3932.0
4983,0,15,0.0,234.5378843999997,0.0,234.53788440000062,0.0,234.5378843999997,3684.7753625662413,3932.0,3684.775362566242
4984,1,15,139.29720879999877,139.29720879999968,139.29720879999968,983.0,983.0,983.0,2648.602382584402,2895.827020018161,2648.602382584403
4985,2,15,411.65397719999964,411.65397719999964,411.65397719999964,983.0,983.0,983.0,1612.4294026025632,1859.654040036322,1612.429402602564
4986,3,15,569.4009067999996,569.4009067999996,569.4009067999996,983.0,983.0,983.0,576.2564226207242,823.4810600544829,576.2564226207251
4987,4,15,893.1522544653808,1439.837098,893.1522544653799,546.6848435346193,0.0,546.6848435346201,0.0,823.4810600544829,0.0
4988,5,15,1347.7195783999996,825.3750460653791,1347.7195783999996,0.0,522.3445323346207,0.0,0.0,272.88157821685934,0.0
4989,6,15,951.9164291999996,951.9164291999996,951.9164291999996,0.0,0.0,0.0,0.0,272.88157821685934,0.0
4990,7,15,258.87819559999934,0.0,258.87819559999934,0.0,258.87819559999934,0.0,0.0,0.0,0.0
4991,8,15,0.0,0.0,0.0,0.0,0.0,0.0,928.5479310642366,0.0,0.0
4992,9,15,0.0,0.0,0.0,0.0,0.0,0.0,1861.1036130478917,0.0,0.0
4993,10,15,0.0,0.0,0.0,0.0,0.0,0.0,2793.6592950315467,0.0,0.0
4994,11,15,0.0,0.0,0.0,0.0,0.0,0.0,3726.214977015202,0.0,103.3114699247094
4995,12,15,0.0,0.0,0.0,0.0,0.0,0.0,3932.0,0.0,639.1266654536743
4996,13,15,0.0,0.0,0.0,0.0,0.0,0.0,3932.0,0.0,1330.1374683076046
4997,14,15,0.0,0.0,0.0,0.0,0.0,0.0,3932.0,0.0,1883.456276722054
4998,15,15,0.0,0.0,0.0,0.0,0.0,0.0,3932.0,0.0,2816.0119587057093
4999,16,15,0.0,0.0,0.0,0.0,0.0,0.0,3932.0,428.1373585993007,3557.0820227035747
5000,17,15,0.0,0.0,0.0,0.0,0.0,0.0,3932.0,1360.6930405829557,3932.0
5001,18,15,0.0,0.0,0.0,0.0,0.0,0.0,3932.0,2293.248722566611,3932.0
5002,19,15,0.0,0.0,0.0,0.0,0.0,0.0,3932.0,3219.027828075049,3932.0
5003,20,15,0.0,0.0,0.0,0.0,0.0,0.0,3932.0,3756.966856082293,3932.0
5004,21,15,0.0,0.0,0.0,0.0,0.0,0.0,3932.0,3932.0,3932.0
5005,22,15,0.0,122.34828480000033,0.0,122.34828480000033,0.0,122.34828480000033,3803.033584072347,3932.0,3803.033584072347
5006,23,15,0.0,393.7803296000002,0.0,393.7803296000002,0.0,393.7803296000002,3387.9526709697398,3932.0,3387.9526709697398
5007,24,15,0.0,772.590805665377,0.0,827.9397635999994,55.34895793462256,827.9397635999994,2515.2275315039506,3873.657075603248,2515.2275315039506
5008,25,15,0.0,0.0,0.0,679.3810847999994,679.3810847999994,679.3810847999994,1799.096989102618,3157.5265332019153,1799.096989102618
5009,26,15,0.0,0.0,0.0,846.283191200002,846.283191200001,846.283191200001,907.0361792000275,2265.465723299326,907.0361792000284
5010,27,15,36.92479926538181,897.4148731999994,36.92479926537965,860.4900739346189,0.0,860.4900739346198,0.0,2265.465723299326,0.0
5011,28,15,961.8834419999985,0.0,961.8834419999985,0.0,961.8834419999985,0.0,0.0,1251.551549858505,0.0
5012,29,15,963.0900187999996,0.0,963.0900187999996,0.0,963.0900187999996,0.0,0.0,236.36553279771056,0.0
5013,30,15,224.23603319999893,0.0,224.23603319999893,0.0,224.23603319999893,0.0,0.0,0.0,0.0
5014,31,15,0.0,0.0,0.0,0.0,0.0,0.0,932.5556819836551,0.0,0.0
5015,32,15,0.0,0.0,0.0,0.0,0.0,0.0,1865.1113639673101,0.0,0.0
5016,33,15,0.0,0.0,0.0,0.0,0.0,0.0,2797.667045950965,0.0,0.0
5017,34,15,0.0,0.0,0.0,0.0,0.0,0.0,3730.2227279346203,0.0,0.0
5018,35,15,0.0,0.0,0.0,0.0,0.0,0.0,3932.0,0.0,159.73550734096625
5019,36,15,0.0,0.0,0.0,0.0,0.0,0.0,3932.0,0.0,624.8498155898142
5020,37,15,0.0,0.0,0.0,0.0,0.0,0.0,3932.0,0.0,1237.7578236414543
5021,38,15,0.0,0.0,0.0,0.0,0.0,0.0,3932.0,0.0,1805.6875402516125
5022,39,15,0.0,0.0,0.0,0.0,0.0,0.0,3932.0,0.0,2733.8593920059952
5023,40,15,0.0,0.0,0.0,0.0,0.0,0.0,3932.0,0.0,3340.2993069304453
5024,41,15,0.0,0.0,0.0,0.0,0.0,0.0,3932.0,687.1045609784843,3932.0
5025,42,15,0.0,0.0,0.0,0.0,0.0,0.0,3932.0,1619.6602429621394,3932.0
5026,43,15,0.0,0.0,0.0,0.0,0.0,0.0,3932.0,2552.2159249457945,3932.0
5027,44,15,0.0,0.0,0.0,0.0,0.0,0.0,3932.0,3484.7716069294497,3932.0
5028,45,15,0.0,0.0,0.0,0.0,0.0,0.0,3932.0,3932.0,3932.0
5029,46,15,0.0,15.54922119999901,0.0,15.54922119999901,0.0,15.54922119999901,3915.6096817220755,3932.0,3915.6096817220755
5030,47,15,0.0,0.0,0.0,571.5657611999995,571.5657611999995,571.5657611999995,3313.1264690687776,3329.516787346702,3313.1264690687776
5031,48,15,0.0,437.413434865377,0.0,821.8556668000001,384.4422319346233,821.8556668000001,2446.8145307339682,2924.279093455992,2446.8145307339682
5032,49,15,0.0,0.0,0.0,454.724287199997,454.724287199997,454.724287199997,1967.4930457511214,2444.9576084731452,1967.4930457511214
5033,50,15,0.0,0.0,0.0,701.6432031999993,701.6432031999993,701.6432031999993,1227.8961701216745,1705.3607328436983,1227.8961701216745
5034,51,15,0.0,849.1877032000002,0.0,849.1877032000002,0.0,849.1877032000002,332.77373574865544,1705.3607328436983,332.77373574865544
5035,52,15,621.698797265376,0.0,621.698797265376,315.6968851346246,937.3956824000006,315.6968851346246,0.0,717.2589244464266,0.0
5036,53,15,680.4515620000002,0.0,680.4515620000002,0.0,680.4515620000002,0.0,0.0,0.0,0.0
5037,54,15,0.0,0.0,0.0,0.0,0.0,0.0,229.09739455371655,0.0,0.0
5038,55,15,0.0,0.0,0.0,0.0,0.0,0.0,1161.6530765373716,0.0,0.0
5039,56,15,0.0,0.0,0.0,0.0,0.0,0.0,2094.2087585210265,0.0,0.0
5040,57,15,0.0,0.0,0.0,0.0,0.0,0.0,3026.7644405046817,0.0,0.0
5041,58,15,0.0,0.0,0.0,0.0,0.0,0.0,3932.0,0.0,0.0
5042,59,15,0.0,0.0,0.0,0.0,0.0,0.0,3932.0,0.0,314.0425942063295
5043,60,15,0.0,0.0,0.0,0.0,0.0,0.0,3932.0,0.0,599.038440312417
5044,61,15,0.0,0.0,0.0,0.0,0.0,0.0,3932.0,0.0,1151.4542949995684
5045,62,15,0.0,0.0,0.0,0.0,0.0,0.0,3932.0,0.0,1668.660465792589
5046,63,15,0.0,0.0,0.0,0.0,0.0,0.0,3932.0,0.0,2459.1693308069584
5047,64,15,0.0,0.0,0.0,0.0,0.0,0.0,3932.0,0.0,3243.7536211908377
5048,65,15,0.0,0.0,0.0,0.0,0.0,0.0,3932.0,0.0,3780.018803012254
