scenario_id,hour,load_mw,net_load_mw,therm_avail_mw,vre_mw,shortfall_pre_mw,storage_discharge_mw,storage_charge_mw,storage_soc_mwh,load_shed_mw,curtailment_mw,action
1,4410,8120.400264,7830.700264,7681.0,289.7,149.70026400000006,0.0,0.0,0.0,149.70026400000006,0.0,idle
1,4411,7754.3039676,7738.5039676,7681.0,15.8,57.50396759999967,0.0,0.0,0.0,57.50396759999967,0.0,idle
1,4434,8203.307270399999,7767.907270399999,7646.0,435.3999999999999,121.9072703999991,0.0,0.0,0.0,121.9072703999991,0.0,idle
1,4435,7810.671411599999,7782.571411599999,7646.0,28.1,136.571411599999,0.0,0.0,0.0,136.571411599999,0.0,idle
1,4747,8226.9917112,7999.9917112,7949.0,226.99999999999994,50.99171120000028,0.0,0.0,0.0,50.99171120000028,0.0,idle
1,4769,9242.2925904,7763.392590400001,7614.0,1478.9,149.3925904000007,0.0,0.0,0.0,149.3925904000007,0.0,idle
1,4770,8865.122828399999,8028.022828399999,7614.0,837.1,414.0228283999986,0.0,0.0,0.0,414.0228283999986,0.0,idle
1,4771,8407.276507199998,7980.676507199998,7614.0,426.59999999999997,366.676507199998,0.0,0.0,0.0,366.676507199998,0.0,idle
1,4772,8135.808402,7748.708401999999,7614.0,387.1,134.7084019999993,0.0,0.0,0.0,134.7084019999993,0.0,idle
1,4818,8212.8931476,7784.1931476,7681.0,428.7,103.19314759999997,0.0,0.0,0.0,103.19314759999997,0.0,idle
1,4819,7909.6445459999995,7878.1445459999995,7681.0,31.500000000000004,197.14454599999954,0.0,0.0,0.0,197.14454599999954,0.0,idle
1,4820,7797.3279708,7753.2279708,7681.0,44.099999999999994,72.22797079999964,0.0,0.0,0.0,72.22797079999964,0.0,idle
1,4866,8683.9678032,8227.0678032,8021.0,456.9,206.06780319999962,0.0,0.0,0.0,206.06780319999962,0.0,idle
1,4867,8295.2250312,8075.3250312,8021.0,219.89999999999998,54.32503120000001,0.0,0.0,0.0,54.32503120000001,0.0,idle
1,4935,9613.691175599999,8069.5911756,8001.0,1544.0999999999997,68.59117559999868,0.0,0.0,0.0,68.59117559999868,0.0,idle
1,4937,9135.6166932,8069.1166932,8001.0,1066.5,68.11669319999965,0.0,0.0,0.0,68.11669319999965,0.0,idle
1,4938,8776.5207528,8312.5207528,8001.0,464.0,311.5207527999992,0.0,0.0,0.0,311.5207527999992,0.0,idle
1,4939,8460.8972676,8356.9972676,8001.0,103.9,355.99726759999976,0.0,0.0,0.0,355.99726759999976,0.0,idle
1,4940,8260.0971888,8131.897188800001,8001.0,128.2,130.89718880000055,0.0,0.0,0.0,130.89718880000055,0.0,idle
1,4961,8763.4158888,7762.1158888,7701.0,1001.3000000000004,61.115888799999084,0.0,0.0,0.0,61.115888799999084,0.0,idle
1,4962,8492.8597104,8088.7597104,7701.0,404.0999999999999,387.7597103999997,0.0,0.0,0.0,387.7597103999997,0.0,idle
1,4963,8276.877386400001,8244.277386400001,7701.0,32.599999999999994,543.277386400001,0.0,0.0,0.0,543.277386400001,0.0,idle
1,4964,8170.089081599999,8142.789081599999,7701.0,27.3,441.789081599999,0.0,0.0,0.0,441.789081599999,0.0,idle
1,4965,7817.220694799999,7773.5206948,7701.0,43.70000000000001,72.52069479999955,0.0,0.0,0.0,72.52069479999955,0.0,idle
1,4983,8867.3378844,7585.5378844,7450.0,1281.8,135.53788440000062,0.0,0.0,0.0,135.53788440000062,0.0,idle
1,4984,9035.9972088,8118.2972088,7450.0,917.7,668.2972087999988,0.0,0.0,0.0,668.2972087999988,0.0,idle
1,4985,9015.6539772,8390.6539772,7526.0,625.0,864.6539771999996,0.0,0.0,0.0,864.6539771999996,0.0,idle
1,4986,8769.700906799999,8548.4009068,7526.0,221.3,1022.4009067999987,0.0,0.0,0.0,1022.4009067999987,0.0,idle
1,4987,8488.237098,8435.837098,7526.0,52.400000000000006,909.837098,0.0,0.0,0.0,909.837098,0.0,idle
1,4988,8389.1195784,8331.7195784,7526.0,57.400000000000006,805.7195783999996,0.0,0.0,0.0,805.7195783999996,0.0,idle
1,4989,8016.616429199999,7935.9164292,7526.0,80.7,409.9164291999996,0.0,0.0,0.0,409.9164291999996,0.0,idle
1,5006,9617.6803296,7732.7803296,7563.0,1884.8999999999999,169.7803296000002,0.0,0.0,0.0,169.7803296000002,0.0,idle
1,5007,9668.9397636,8166.939763599999,7563.0,1502.0000000000005,603.9397635999994,0.0,0.0,0.0,603.9397635999994,0.0,idle
1,5008,9595.9810848,8018.381084799999,7563.0,1577.6000000000001,455.38108479999937,0.0,0.0,0.0,455.38108479999937,0.0,idle
1,5009,9400.583191200001,8185.283191200001,7563.0,1215.3,622.283191200002,0.0,0.0,0.0,622.283191200002,0.0,idle
1,5010,9018.2148732,8236.4148732,7563.0,781.8000000000002,673.4148732000012,0.0,0.0,0.0,673.4148732000012,0.0,idle
1,5011,8694.383441999998,8300.883441999998,7563.0,393.5,737.8834419999985,0.0,0.0,0.0,737.8834419999985,0.0,idle
1,5012,8616.4900188,8302.0900188,7563.0,314.4,739.0900187999996,0.0,0.0,0.0,739.0900187999996,0.0,idle
1,5057,8833.162348799999,8006.562348799998,7969.0,826.5999999999999,37.56234879999829,0.0,0.0,0.0,37.56234879999829,0.0,idle
1,5058,8230.0393584,8020.3393584,7969.0,209.70000000000005,51.33935839999958,0.0,0.0,0.0,51.33935839999958,0.0,idle
1,5391,9521.6215896,8044.121589599999,8001.0,1477.4999999999998,43.121589599999425,0.0,0.0,0.0,43.121589599999425,0.0,idle
1,5392,9384.988362,8052.988362,8001.0,1332.0,51.98836200000005,0.0,0.0,0.0,51.98836200000005,0.0,idle
1,5393,9047.764273199999,8180.764273199999,8001.0,867.0,179.76427319999857,0.0,0.0,0.0,179.76427319999857,0.0,idle
1,5414,9394.130548799998,7985.430548799998,7980.0,1408.7,5.430548799997268,0.0,0.0,0.0,5.430548799997268,0.0,idle
1,5415,9616.609868399999,8413.3098684,7980.0,1203.3,433.3098683999997,0.0,0.0,0.0,433.3098683999997,0.0,idle
1,5416,9621.0298224,8379.5298224,7980.0,1241.5,399.52982239999983,0.0,0.0,0.0,399.52982239999983,0.0,idle
1,5417,9274.0992684,8351.899268399999,7980.0,922.2,371.8992683999986,0.0,0.0,0.0,371.8992683999986,0.0,idle
1,5442,8363.6629308,8016.362930799999,7980.0,347.29999999999995,36.36293079999996,0.0,0.0,0.0,36.36293079999996,0.0,idle
1,5725,9271.6080288,7410.408028799999,7410.0,1861.2000000000003,0.4080287999986467,0.0,0.0,0.0,0.4080287999986467,0.0,idle
1,5726,9630.816713999999,7670.216713999998,7410.0,1960.6,260.2167139999983,0.0,0.0,0.0,260.2167139999983,0.0,idle
1,5727,9830.2031484,7894.3031484,7410.0,1935.8999999999996,484.3031484000003,0.0,0.0,0.0,484.3031484000003,0.0,idle
1,5728,9731.730086399999,7807.430086399999,7430.0,1924.3,377.4300863999997,0.0,0.0,0.0,377.4300863999997,0.0,idle
1,5729,9421.025268,7894.725268,7430.0,1526.2999999999997,464.72526800000014,0.0,0.0,0.0,464.72526800000014,0.0,idle
1,5730,8796.0528576,7894.7528575999995,7430.0,901.3000000000001,464.7528576000004,0.0,0.0,0.0,464.7528576000004,0.0,idle
1,5731,8496.1754184,7858.3754184,7430.0,637.8,428.37541839999994,0.0,0.0,0.0,428.37541839999994,0.0,idle
1,5732,8241.682212,7707.782212,7430.0,533.9000000000001,277.7822120000001,0.0,0.0,0.0,277.7822120000001,0.0,idle
1,5752,8643.460906799999,7203.960906799999,7170.0,1439.4999999999995,33.960906799999066,0.0,0.0,0.0,33.960906799999066,0.0,idle
1,5753,8371.215637199999,7472.715637199999,7246.0,898.5,226.71563719999904,0.0,0.0,0.0,226.71563719999904,0.0,idle
1,5754,7812.6160104,7616.0160104,7246.0,196.59999999999997,370.0160103999997,0.0,0.0,0.0,370.0160103999997,0.0,idle
1,5755,7499.5686336,7471.6686336,7234.0,27.9,237.66863360000025,0.0,0.0,0.0,237.66863360000025,0.0,idle
1,5756,7326.5038044,7297.2038044,7234.0,29.3,63.20380440000008,0.0,0.0,0.0,63.20380440000008,0.0,idle
1,5777,8015.422183199999,7028.322183199999,6864.0,987.1,164.32218319999902,0.0,0.0,0.0,164.32218319999902,0.0,idle
1,5778,7480.481542799999,7153.481542799999,6864.0,327.0,289.48154279999926,0.0,0.0,0.0,289.48154279999926,0.0,idle
1,5779,7223.781985199999,7108.5819851999995,6864.0,115.2,244.5819851999995,0.0,0.0,0.0,244.5819851999995,0.0,idle
1,5780,7015.9128732,6932.1128732,6884.0,83.8,48.11287319999974,0.0,0.0,0.0,48.11287319999974,0.0,idle
1,5826,7532.467506,7358.967506,7123.0,173.5,235.96750599999996,0.0,0.0,0.0,235.96750599999996,0.0,idle
1,5827,7258.4400684,7195.8400684,7123.0,62.599999999999994,72.84006839999984,0.0,0.0,0.0,72.84006839999984,0.0,idle
1,5848,9339.684010800001,7880.984010800002,7618.0,1458.7,262.98401080000076,0.0,0.0,0.0,262.98401080000076,0.0,idle
1,5849,9074.7151788,8124.415178799999,7618.0,950.2999999999998,506.4151787999999,0.0,0.0,0.0,506.4151787999999,0.0,idle
1,5850,8446.944018,8041.744018,7598.0,405.2,443.7440180000003,0.0,0.0,0.0,443.7440180000003,0.0,idle
1,5851,8048.874348,7694.474348000001,7543.0,354.40000000000003,151.47434800000065,0.0,0.0,0.0,151.47434800000065,0.0,idle
1,5897,8561.996878799999,7347.896878799998,7138.0,1214.1000000000001,209.89687879999838,0.0,0.0,0.0,209.89687879999838,0.0,idle
1,5899,7979.189335200001,7304.8893352000005,7138.0,674.3,166.88933520000046,0.0,0.0,0.0,166.88933520000046,0.0,idle
1,5900,7728.220334399999,7144.620334399999,7138.0,583.5999999999999,6.620334399998683,0.0,0.0,0.0,6.620334399998683,0.0,idle
1,5921,8551.2172752,7687.617275200001,7639.0,863.5999999999998,48.61727520000022,0.0,0.0,0.0,48.61727520000022,0.0,idle
1,5922,8124.802776,7880.102776000001,7639.0,244.7,241.10277600000063,0.0,0.0,0.0,241.10277600000063,0.0,idle
1,5923,7932.222494400001,7777.1224944000005,7694.0,155.1,83.1224944000005,0.0,0.0,0.0,83.1224944000005,0.0,idle
1,5945,8501.4826992,7402.3826991999995,7054.0,1099.1000000000004,348.3826991999995,0.0,0.0,0.0,348.3826991999995,0.0,idle
1,5946,8091.783892799998,7785.683892799998,7409.0,306.1,376.6838927999979,0.0,0.0,0.0,376.6838927999979,0.0,idle
1,5947,7920.2224176,7613.9224176,7429.0,306.29999999999995,184.9224175999998,0.0,0.0,0.0,184.9224175999998,0.0,idle
1,5970,7538.5110288,7422.211028799999,7189.0,116.30000000000001,233.21102879999944,0.0,0.0,0.0,233.21102879999944,0.0,idle
1,5971,7297.670475599999,7242.670475599999,7209.0,55.0,33.67047559999901,0.0,0.0,0.0,33.67047559999901,0.0,idle
1,6040,8815.4581332,7681.2581332,7539.0,1134.1999999999998,142.25813319999907,0.0,0.0,0.0,142.25813319999907,0.0,idle
1,6041,8622.731652,7923.431652,7539.0,699.3,384.4316520000011,0.0,0.0,0.0,384.4316520000011,0.0,idle
1,6042,8252.73624,8221.53624,7539.0,31.200000000000003,682.5362400000004,0.0,0.0,0.0,682.5362400000004,0.0,idle
1,6043,8155.9766616,8146.2766616,7539.0,9.700000000000001,607.2766615999999,0.0,0.0,0.0,607.2766615999999,0.0,idle
1,6044,7913.8534776,7907.9534776,7539.0,5.9,368.95347760000004,0.0,0.0,0.0,368.95347760000004,0.0,idle
1,6063,8581.4198364,7078.3198364,6829.0,1503.1,249.31983639999999,0.0,0.0,0.0,249.31983639999999,0.0,idle
1,6064,8596.351686,7276.951686,6829.0,1319.4,447.95168600000034,0.0,0.0,0.0,447.95168600000034,0.0,idle
1,6065,8371.7764788,7615.9764788,6829.0,755.8,786.9764788000002,0.0,0.0,0.0,786.9764788000002,0.0,idle
1,6066,7975.110343199999,7898.510343199999,6841.0,76.6,1057.5103431999987,0.0,0.0,0.0,1057.5103431999987,0.0,idle
1,6067,7905.1732704,7810.9732704,6841.0,94.2,969.9732703999998,0.0,0.0,0.0,969.9732703999998,0.0,idle
1,6068,7606.878596399999,7481.278596399999,6841.0,125.6,640.2785963999986,0.0,0.0,0.0,640.2785963999986,0.0,idle
2,4339,7622.557266,7580.257266,7386.0,42.300000000000004,194.25726599999962,0.0,0.0,0.0,194.25726599999962,0.0,idle
2,4340,7529.5289987999995,7500.3289988,7386.0,29.2,114.32899879999968,0.0,0.0,0.0,114.32899879999968,0.0,idle
2,4410,8120.400264,7830.700264,7476.0,289.7,354.70026400000006,0.0,0.0,0.0,354.70026400000006,0.0,idle
2,4411,7754.3039676,7738.5039676,7496.0,15.8,242.50396759999967,0.0,0.0,0.0,242.50396759999967,0.0,idle
2,4412,7600.6025376,7591.4025376,7551.0,9.200000000000001,40.40253759999996,0.0,0.0,0.0,40.40253759999996,0.0,idle
2,4431,8663.9621256,7185.862125599999,7161.0,1478.1,24.862125599998762,0.0,0.0,0.0,24.862125599998762,0.0,idle
2,4433,8568.7706328,7487.570632800001,7161.0,1081.2,326.57063279999966,0.0,0.0,0.0,326.57063279999966,0.0,idle
2,4434,8203.307270399999,7767.907270399999,7161.0,435.3999999999999,606.9072703999991,0.0,0.0,0.0,606.9072703999991,0.0,idle
2,4435,7810.671411599999,7782.571411599999,7161.0,28.1,621.571411599999,0.0,0.0,0.0,621.571411599999,0.0,idle
2,4436,7576.7596356,7554.059635600001,7161.0,22.7,393.05963560000055,0.0,0.0,0.0,393.05963560000055,0.0,idle
2,4699,7741.6406028,7164.3406028,7161.0,577.3,3.3406027999999424,0.0,0.0,0.0,3.3406027999999424,0.0,idle
2,4746,8624.0821332,7925.3821332,7686.0,698.6999999999999,239.38213319999886,0.0,0.0,0.0,239.38213319999886,0.0,idle
2,4747,8226.9917112,7999.9917112,7686.0,226.99999999999994,313.9917112000003,0.0,0.0,0.0,313.9917112000003,0.0,idle
2,4748,7992.268818,7778.868818,7686.0,213.4,92.86881799999992,0.0,0.0,0.0,92.86881799999992,0.0,idle
2,4768,9373.6105308,7487.8105308,7231.0,1885.8,256.8105308000013,0.0,0.0,0.0,256.8105308000013,0.0,idle
2,4769,9242.2925904,7763.392590400001,7231.0,1478.9,532.3925904000007,0.0,0.0,0.0,532.3925904000007,0.0,idle
2,4770,8865.122828399999,8028.022828399999,7231.0,837.1,797.0228283999986,0.0,0.0,0.0,797.0228283999986,0.0,idle
2,4771,8407.276507199998,7980.676507199998,7231.0,426.59999999999997,749.676507199998,0.0,0.0,0.0,749.676507199998,0.0,idle
2,4772,8135.808402,7748.708401999999,7231.0,387.1,517.7084019999993,0.0,0.0,0.0,517.7084019999993,0.0,idle
2,4773,7724.018405999999,7342.718405999999,7231.0,381.3,111.71840599999905,0.0,0.0,0.0,111.71840599999905,0.0,idle
2,4817,8479.3440732,7465.7440732,7439.0,1013.6,26.744073199999548,0.0,0.0,0.0,26.744073199999548,0.0,idle
2,4818,8212.8931476,7784.1931476,7459.0,428.7,325.1931476,0.0,0.0,0.0,325.1931476,0.0,idle
2,4819,7909.6445459999995,7878.1445459999995,7404.0,31.500000000000004,474.14454599999954,0.0,0.0,0.0,474.14454599999954,0.0,idle
2,4820,7797.3279708,7753.2279708,7404.0,44.099999999999994,349.22797079999964,0.0,0.0,0.0,349.22797079999964,0.0,idle
2,4821,7496.659288799999,7423.659288799999,7404.0,73.00000000000001,19.65928879999865,0.0,0.0,0.0,19.65928879999865,0.0,idle
2,4839,9137.8479624,7495.047962399999,7404.0,1642.8,91.04796239999996,0.0,0.0,0.0,91.04796239999996,0.0,idle
2,4840,9115.4162712,7435.7162712,7404.0,1679.6999999999998,31.716271199999028,0.0,0.0,0.0,31.716271199999028,0.0,idle
2,4841,8908.0123464,7573.512346400001,7404.0,1334.5,169.51234640000075,0.0,0.0,0.0,169.51234640000075,0.0,idle
2,4843,8255.9709204,7534.270920399999,7416.0,721.7000000000002,118.27092039999934,0.0,0.0,0.0,118.27092039999934,0.0,idle
2,4844,8205.7461588,7501.046158800001,7416.0,704.7,85.04615880000074,0.0,0.0,0.0,85.04615880000074,0.0,idle
2,4864,9215.9974728,7716.397472799999,7621.0,1499.6000000000004,95.39747279999938,0.0,0.0,0.0,95.39747279999938,0.0,idle
2,4865,9055.2499476,8016.0499475999995,7621.0,1039.1999999999998,395.04994759999863,0.0,0.0,0.0,395.04994759999863,0.0,idle
2,4866,8683.9678032,8227.0678032,7621.0,456.9,606.0678031999996,0.0,0.0,0.0,606.0678031999996,0.0,idle
2,4867,8295.2250312,8075.3250312,7621.0,219.89999999999998,454.3250312,0.0,0.0,0.0,454.3250312,0.0,idle
2,4868,8107.120542000001,7857.420542000001,7621.0,249.7,236.42054200000075,0.0,0.0,0.0,236.42054200000075,0.0,idle
2,4891,7662.959492399999,7655.359492399999,7621.0,7.600000000000001,34.359492399999,0.0,0.0,0.0,34.359492399999,0.0,idle
2,4912,8871.377075999999,7723.077075999999,7636.0,1148.3000000000002,87.07707599999958,0.0,0.0,0.0,87.07707599999958,0.0,idle
2,4913,8520.8495076,7685.9495076,7636.0,834.9000000000001,49.94950760000029,0.0,0.0,0.0,49.94950760000029,0.0,idle
2,4914,8122.5708348,7831.0708348,7636.0,291.5,195.07083479999983,0.0,0.0,0.0,195.07083479999983,0.0,idle
2,4935,9613.691175599999,8069.5911756,7981.0,1544.0999999999997,88.59117559999868,0.0,0.0,0.0,88.59117559999868,0.0,idle
2,4937,9135.6166932,8069.1166932,7961.0,1066.5,108.11669319999965,0.0,0.0,0.0,108.11669319999965,0.0,idle
2,4938,8776.5207528,8312.5207528,7961.0,464.0,351.5207527999992,0.0,0.0,0.0,351.5207527999992,0.0,idle
2,4939,8460.8972676,8356.9972676,7961.0,103.9,395.99726759999976,0.0,0.0,0.0,395.99726759999976,0.0,idle
2,4940,8260.0971888,8131.897188800001,7961.0,128.2,170.89718880000055,0.0,0.0,0.0,170.89718880000055,0.0,idle
2,4962,8492.8597104,8088.7597104,8024.0,404.0999999999999,64.75971039999968,0.0,0.0,0.0,64.75971039999968,0.0,idle
2,4963,8276.877386400001,8244.277386400001,8024.0,32.599999999999994,220.27738640000098,0.0,0.0,0.0,220.27738640000098,0.0,idle
2,4964,8170.089081599999,8142.789081599999,7624.0,27.3,518.789081599999,0.0,0.0,0.0,518.789081599999,0.0,idle
2,4965,7817.220694799999,7773.5206948,7624.0,43.70000000000001,149.52069479999955,0.0,0.0,0.0,149.52069479999955,0.0,idle
2,4983,8867.3378844,7585.5378844,7501.0,1281.8,84.53788440000062,0.0,0.0,0.0,84.53788440000062,0.0,idle
2,4984,9035.9972088,8118.2972088,7501.0,917.7,617.2972087999988,0.0,0.0,0.0,617.2972087999988,0.0,idle
2,4985,9015.6539772,8390.6539772,7501.0,625.0,889.6539771999996,0.0,0.0,0.0,889.6539771999996,0.0,idle
2,4986,8769.700906799999,8548.4009068,7501.0,221.3,1047.4009067999987,0.0,0.0,0.0,1047.4009067999987,0.0,idle
2,4987,8488.237098,8435.837098,7501.0,52.400000000000006,934.837098,0.0,0.0,0.0,934.837098,0.0,idle
2,4988,8389.1195784,8331.7195784,7501.0,57.400000000000006,830.7195783999996,0.0,0.0,0.0,830.7195783999996,0.0,idle
2,4989,8016.616429199999,7935.9164292,7501.0,80.7,434.9164291999996,0.0,0.0,0.0,434.9164291999996,0.0,idle
2,5005,9342.2482848,7461.3482848,7011.0,1880.9,450.34828480000033,0.0,0.0,0.0,450.34828480000033,0.0,idle
2,5006,9617.6803296,7732.7803296,7166.0,1884.8999999999999,566.7803296000002,0.0,0.0,0.0,566.7803296000002,0.0,idle
2,5007,9668.9397636,8166.939763599999,7521.0,1502.0000000000005,645.9397635999994,0.0,0.0,0.0,645.9397635999994,0.0,idle
2,5008,9595.9810848,8018.381084799999,7521.0,1577.6000000000001,497.38108479999937,0.0,0.0,0.0,497.38108479999937,0.0,idle
2,5009,9400.583191200001,8185.283191200001,7521.0,1215.3,664.283191200002,0.0,0.0,0.0,664.283191200002,0.0,idle
2,5010,9018.2148732,8236.4148732,7521.0,781.8000000000002,715.4148732000012,0.0,0.0,0.0,715.4148732000012,0.0,idle
2,5011,8694.383441999998,8300.883441999998,7521.0,393.5,779.8834419999985,0.0,0.0,0.0,779.8834419999985,0.0,idle
2,5012,8616.4900188,8302.0900188,7521.0,314.4,781.0900187999996,0.0,0.0,0.0,781.0900187999996,0.0,idle
2,5013,8299.3360332,7563.236033199999,7521.0,736.1,42.23603319999893,0.0,0.0,0.0,42.23603319999893,0.0,idle
2,5031,9328.8556668,7805.8556668,7621.0,1523.0,184.8556668000001,0.0,0.0,0.0,184.8556668000001,0.0,idle
2,5033,8887.043203199999,7685.643203199999,7621.0,1201.4,64.64320319999933,0.0,0.0,0.0,64.64320319999933,0.0,idle
2,5034,8493.3877032,7833.1877032,7621.0,660.1999999999999,212.1877031999993,0.0,0.0,0.0,212.1877031999993,0.0,idle
2,5035,8189.395682400001,7921.395682400001,7621.0,268.0,300.3956824000006,0.0,0.0,0.0,300.3956824000006,0.0,idle
2,5036,7967.951562,7664.451562,7621.0,303.5,43.451562000000195,0.0,0.0,0.0,43.451562000000195,0.0,idle
2,5056,8987.9883324,7649.588332400001,7601.0,1338.4,48.58833240000058,0.0,0.0,0.0,48.58833240000058,0.0,idle
2,5057,8833.162348799999,8006.562348799998,7601.0,826.5999999999999,405.5623487999983,0.0,0.0,0.0,405.5623487999983,0.0,idle
2,5058,8230.0393584,8020.3393584,7601.0,209.70000000000005,419.3393583999996,0.0,0.0,0.0,419.3393583999996,0.0,idle
2,5059,7963.0448736,7910.2448736,7601.0,52.8,309.24487359999966,0.0,0.0,0.0,309.24487359999966,0.0,idle
2,5060,7895.191302,7825.2913020000005,7601.0,69.9,224.29130200000054,0.0,0.0,0.0,224.29130200000054,0.0,idle
2,5177,8248.842518399999,7213.2425183999985,7206.0,1035.6,7.2425183999985165,0.0,0.0,0.0,7.2425183999985165,0.0,idle
2,5178,7814.3198436,7446.0198436,7206.0,368.3,240.01984360000006,0.0,0.0,0.0,240.01984360000006,0.0,idle
2,5179,7492.6887552,7465.3887552,7206.0,27.3,259.38875519999965,0.0,0.0,0.0,259.38875519999965,0.0,idle
2,5180,7469.6761188,7430.4761188,7206.0,39.199999999999996,224.47611880000022,0.0,0.0,0.0,224.47611880000022,0.0,idle
2,5225,8585.325796799998,7539.925796799998,7526.0,1045.4,13.925796799998352,0.0,0.0,0.0,13.925796799998352,0.0,idle
2,5226,8112.3354924,7764.6354924,7526.0,347.70000000000005,238.63549239999975,0.0,0.0,0.0,238.63549239999975,0.0,idle
2,5227,7668.011960399999,7655.211960399999,7526.0,12.799999999999999,129.21196039999904,0.0,0.0,0.0,129.21196039999904,0.0,idle
2,5346,8267.8548264,7858.1548264,7601.0,409.70000000000005,257.1548264000003,0.0,0.0,0.0,257.1548264000003,0.0,idle
2,5347,7881.870355199999,7789.770355199998,7601.0,92.10000000000001,188.77035519999845,0.0,0.0,0.0,188.77035519999845,0.0,idle
2,5391,9521.6215896,8044.121589599999,7581.0,1477.4999999999998,463.1215895999994,0.0,0.0,0.0,463.1215895999994,0.0,idle
2,5392,9384.988362,8052.988362,7581.0,1332.0,471.98836200000005,0.0,0.0,0.0,471.98836200000005,0.0,idle
2,5393,9047.764273199999,8180.764273199999,7581.0,867.0,599.7642731999986,0.0,0.0,0.0,599.7642731999986,0.0,idle
2,5394,8384.8064328,7911.5064328,7581.0,473.30000000000007,330.50643279999986,0.0,0.0,0.0,330.50643279999986,0.0,idle
2,5395,8139.8365812,7861.3365812,7581.0,278.5,280.3365812000002,0.0,0.0,0.0,280.3365812000002,0.0,idle
2,5396,8028.005088,7785.105088,7581.0,242.89999999999998,204.10508800000025,0.0,0.0,0.0,204.10508800000025,0.0,idle
2,5414,9394.130548799998,7985.430548799998,7581.0,1408.7,404.43054879999727,0.0,0.0,0.0,404.43054879999727,0.0,idle
2,5415,9616.609868399999,8413.3098684,7581.0,1203.3,832.3098683999997,0.0,0.0,0.0,832.3098683999997,0.0,idle
2,5416,9621.0298224,8379.5298224,7636.0,1241.5,743.5298223999998,0.0,0.0,0.0,743.5298223999998,0.0,idle
2,5417,9274.0992684,8351.899268399999,7581.0,922.2,770.8992683999986,0.0,0.0,0.0,770.8992683999986,0.0,idle
2,5418,8596.3839216,7704.3839216,7581.0,892.0,123.38392159999967,0.0,0.0,0.0,123.38392159999967,0.0,idle
2,5419,8222.1907356,7698.490735599999,7581.0,523.6999999999999,117.49073559999943,0.0,0.0,0.0,117.49073559999943,0.0,idle
2,5439,9205.788154799999,7599.4881547999985,7281.0,1606.3000000000002,318.4881547999994,0.0,0.0,0.0,318.4881547999994,0.0,idle
2,5440,9188.5521084,7623.6521084,7281.0,1564.9,342.65210839999963,0.0,0.0,0.0,342.65210839999963,0.0,idle
2,5441,8896.300754400001,7863.800754400001,7281.0,1032.5,582.8007544000011,0.0,0.0,0.0,582.8007544000011,0.0,idle
2,5442,8363.6629308,8016.362930799999,7281.0,347.29999999999995,735.362930799999,0.0,0.0,0.0,735.362930799999,0.0,idle
2,5443,7883.833223999999,7815.533223999999,7281.0,68.3,534.5332239999989,0.0,0.0,0.0,534.5332239999989,0.0,idle
2,5444,7722.3927888,7679.3927888,7281.0,43.0,398.39278879999983,0.0,0.0,0.0,398.39278879999983,0.0,idle
2,5490,7486.7861496,7177.3861496,7126.0,309.4,51.38614959999995,0.0,0.0,0.0,51.38614959999995,0.0,idle
2,5491,7266.475304399999,7202.675304399999,7126.0,63.80000000000001,76.67530439999882,0.0,0.0,0.0,76.67530439999882,0.0,idle
2,5492,7245.1814592,7178.7814592,7126.0,66.4,52.78145920000043,0.0,0.0,0.0,52.78145920000043,0.0,idle
2,5727,9830.2031484,7894.3031484,7691.0,1935.8999999999996,203.30314840000028,0.0,0.0,0.0,203.30314840000028,0.0,idle
2,5728,9731.730086399999,7807.430086399999,7691.0,1924.3,116.43008639999971,0.0,0.0,0.0,116.43008639999971,0.0,idle
2,5729,9421.025268,7894.725268,7691.0,1526.2999999999997,203.72526800000014,0.0,0.0,0.0,203.72526800000014,0.0,idle
2,5730,8796.0528576,7894.7528575999995,7846.0,901.3000000000001,48.752857600000425,0.0,0.0,0.0,48.752857600000425,0.0,idle
2,5731,8496.1754184,7858.3754184,7846.0,637.8,12.375418400000854,0.0,0.0,0.0,12.375418400000854,0.0,idle
2,5849,9074.7151788,8124.415178799999,8001.0,950.2999999999998,123.41517879999992,0.0,0.0,0.0,123.41517879999992,0.0,idle
2,5850,8446.944018,8041.744018,7946.0,405.2,95.74401799999941,0.0,0.0,0.0,95.74401799999941,0.0,idle
2,5921,8551.2172752,7687.617275200001,7516.0,863.5999999999998,171.61727520000022,0.0,0.0,0.0,171.61727520000022,0.0,idle
2,5922,8124.802776,7880.102776000001,7516.0,244.7,364.10277600000063,0.0,0.0,0.0,364.10277600000063,0.0,idle
2,5923,7932.222494400001,7777.1224944000005,7516.0,155.1,261.1224944000005,0.0,0.0,0.0,261.1224944000005,0.0,idle
2,5924,7665.1404684,7566.9404684,7516.0,98.19999999999999,50.9404684000001,0.0,0.0,0.0,50.9404684000001,0.0,idle
2,5946,8091.783892799998,7785.683892799998,7496.0,306.1,289.6838927999979,0.0,0.0,0.0,289.6838927999979,0.0,idle
2,5947,7920.2224176,7613.9224176,7496.0,306.29999999999995,117.92241759999979,0.0,0.0,0.0,117.92241759999979,0.0,idle
2,6016,8081.271149999999,7124.871149999999,7061.0,956.4,63.871149999999034,0.0,0.0,0.0,63.871149999999034,0.0,idle
2,6017,7972.650745199999,7212.550745199998,7061.0,760.1,151.55074519999835,0.0,0.0,0.0,151.55074519999835,0.0,idle
2,6018,7674.8921436,7611.0921436,7061.0,63.8,550.0921435999999,0.0,0.0,0.0,550.0921435999999,0.0,idle
2,6019,7569.899842799999,7495.099842799998,7061.0,74.8,434.09984279999844,0.0,0.0,0.0,434.09984279999844,0.0,idle
2,6020,7369.5451404,7242.8451404,7061.0,126.69999999999999,181.84514039999976,0.0,0.0,0.0,181.84514039999976,0.0,idle
2,6040,8815.4581332,7681.2581332,7536.0,1134.1999999999998,145.25813319999907,0.0,0.0,0.0,145.25813319999907,0.0,idle
2,6041,8622.731652,7923.431652,7536.0,699.3,387.4316520000011,0.0,0.0,0.0,387.4316520000011,0.0,idle
2,6042,8252.73624,8221.53624,7536.0,31.200000000000003,685.5362400000004,0.0,0.0,0.0,685.5362400000004,0.0,idle
2,6043,8155.9766616,8146.2766616,7536.0,9.700000000000001,610.2766615999999,0.0,0.0,0.0,610.2766615999999,0.0,idle
2,6044,7913.8534776,7907.9534776,7536.0,5.9,371.95347760000004,0.0,0.0,0.0,371.95347760000004,0.0,idle
3,4410,8120.400264,7830.700264,7546.0,289.7,284.70026400000006,0.0,0.0,0.0,284.70026400000006,0.0,idle
3,4411,7754.3039676,7738.5039676,7546.0,15.8,192.50396759999967,0.0,0.0,0.0,192.50396759999967,0.0,idle
3,4412,7600.6025376,7591.4025376,7546.0,9.200000000000001,45.40253759999996,0.0,0.0,0.0,45.40253759999996,0.0,idle
3,4746,8624.0821332,7925.3821332,7766.0,698.6999999999999,159.38213319999886,0.0,0.0,0.0,159.38213319999886,0.0,idle
3,4747,8226.9917112,7999.9917112,7766.0,226.99999999999994,233.99171120000028,0.0,0.0,0.0,233.99171120000028,0.0,idle
3,4748,7992.268818,7778.868818,7766.0,213.4,12.86881799999992,0.0,0.0,0.0,12.86881799999992,0.0,idle
3,4769,9242.2925904,7763.392590400001,7495.0,1478.9,268.3925904000007,0.0,0.0,0.0,268.3925904000007,0.0,idle
3,4770,8865.122828399999,8028.022828399999,7495.0,837.1,533.0228283999986,0.0,0.0,0.0,533.0228283999986,0.0,idle
3,4771,8407.276507199998,7980.676507199998,7845.0,426.59999999999997,135.676507199998,0.0,0.0,0.0,135.676507199998,0.0,idle
3,4794,8361.7143456,7515.714345599999,7470.0,846.0,45.71434559999943,0.0,0.0,0.0,45.71434559999943,0.0,idle
3,4795,8021.0765016000005,7550.376501600001,7470.0,470.70000000000005,80.37650160000067,0.0,0.0,0.0,80.37650160000067,0.0,idle
3,4818,8212.8931476,7784.1931476,7470.0,428.7,314.1931476,0.0,0.0,0.0,314.1931476,0.0,idle
3,4819,7909.6445459999995,7878.1445459999995,7470.0,31.500000000000004,408.14454599999954,0.0,0.0,0.0,408.14454599999954,0.0,idle
3,4820,7797.3279708,7753.2279708,7470.0,44.099999999999994,283.22797079999964,0.0,0.0,0.0,283.22797079999964,0.0,idle
3,4865,9055.2499476,8016.0499475999995,8001.0,1039.1999999999998,15.049947599998632,0.0,0.0,0.0,15.049947599998632,0.0,idle
3,4866,8683.9678032,8227.0678032,8001.0,456.9,226.06780319999962,0.0,0.0,0.0,226.06780319999962,0.0,idle
3,4867,8295.2250312,8075.3250312,8001.0,219.89999999999998,74.32503120000001,0.0,0.0,0.0,74.32503120000001,0.0,idle
3,4935,9613.691175599999,8069.5911756,7906.0,1544.0999999999997,163.59117559999868,0.0,0.0,0.0,163.59117559999868,0.0,idle
3,4936,9449.5704288,7969.970428799999,7751.0,1479.6,218.97042879999935,0.0,0.0,0.0,218.97042879999935,0.0,idle
3,4937,9135.6166932,8069.1166932,7751.0,1066.5,318.11669319999965,0.0,0.0,0.0,318.11669319999965,0.0,idle
3,4938,8776.5207528,8312.5207528,7751.0,464.0,561.5207527999992,0.0,0.0,0.0,561.5207527999992,0.0,idle
3,4939,8460.8972676,8356.9972676,7751.0,103.9,605.9972675999998,0.0,0.0,0.0,605.9972675999998,0.0,idle
3,4940,8260.0971888,8131.897188800001,7771.0,128.2,360.89718880000055,0.0,0.0,0.0,360.89718880000055,0.0,idle
3,4962,8492.8597104,8088.7597104,7926.0,404.0999999999999,162.75971039999968,0.0,0.0,0.0,162.75971039999968,0.0,idle
3,4963,8276.877386400001,8244.277386400001,7926.0,32.599999999999994,318.277386400001,0.0,0.0,0.0,318.277386400001,0.0,idle
3,4964,8170.089081599999,8142.789081599999,7926.0,27.3,216.789081599999,0.0,0.0,0.0,216.789081599999,0.0,idle
3,4984,9035.9972088,8118.2972088,7601.0,917.7,517.2972087999988,0.0,0.0,0.0,517.2972087999988,0.0,idle
3,4985,9015.6539772,8390.6539772,7601.0,625.0,789.6539771999996,0.0,0.0,0.0,789.6539771999996,0.0,idle
3,4986,8769.700906799999,8548.4009068,7601.0,221.3,947.4009067999987,0.0,0.0,0.0,947.4009067999987,0.0,idle
3,4987,8488.237098,8435.837098,7601.0,52.400000000000006,834.837098,0.0,0.0,0.0,834.837098,0.0,idle
3,4988,8389.1195784,8331.7195784,7601.0,57.400000000000006,730.7195783999996,0.0,0.0,0.0,730.7195783999996,0.0,idle
3,4989,8016.616429199999,7935.9164292,7601.0,80.7,334.9164291999996,0.0,0.0,0.0,334.9164291999996,0.0,idle
3,5006,9617.6803296,7732.7803296,7636.0,1884.8999999999999,96.78032960000019,0.0,0.0,0.0,96.78032960000019,0.0,idle
3,5007,9668.9397636,8166.939763599999,7636.0,1502.0000000000005,530.9397635999994,0.0,0.0,0.0,530.9397635999994,0.0,idle
3,5008,9595.9810848,8018.381084799999,7636.0,1577.6000000000001,382.38108479999937,0.0,0.0,0.0,382.38108479999937,0.0,idle
3,5009,9400.583191200001,8185.283191200001,7636.0,1215.3,549.283191200002,0.0,0.0,0.0,549.283191200002,0.0,idle
3,5010,9018.2148732,8236.4148732,7656.0,781.8000000000002,580.4148732000012,0.0,0.0,0.0,580.4148732000012,0.0,idle
3,5011,8694.383441999998,8300.883441999998,7656.0,393.5,644.8834419999985,0.0,0.0,0.0,644.8834419999985,0.0,idle
3,5012,8616.4900188,8302.0900188,7656.0,314.4,646.0900187999996,0.0,0.0,0.0,646.0900187999996,0.0,idle
3,5031,9328.8556668,7805.8556668,7581.0,1523.0,224.8556668000001,0.0,0.0,0.0,224.8556668000001,0.0,idle
3,5033,8887.043203199999,7685.643203199999,7581.0,1201.4,104.64320319999933,0.0,0.0,0.0,104.64320319999933,0.0,idle
3,5034,8493.3877032,7833.1877032,7581.0,660.1999999999999,252.1877031999993,0.0,0.0,0.0,252.1877031999993,0.0,idle
3,5035,8189.395682400001,7921.395682400001,7581.0,268.0,340.3956824000006,0.0,0.0,0.0,340.3956824000006,0.0,idle
3,5036,7967.951562,7664.451562,7581.0,303.5,83.4515620000002,0.0,0.0,0.0,83.4515620000002,0.0,idle
3,5055,9062.6416116,7092.7416116,7091.0,1969.8999999999996,1.7416116000003967,0.0,0.0,0.0,1.7416116000003967,0.0,idle
3,5056,8987.9883324,7649.588332400001,7146.0,1338.4,503.5883324000006,0.0,0.0,0.0,503.5883324000006,0.0,idle
3,5057,8833.162348799999,8006.562348799998,7146.0,826.5999999999999,860.5623487999983,0.0,0.0,0.0,860.5623487999983,0.0,idle
3,5058,8230.0393584,8020.3393584,7091.0,209.70000000000005,929.3393583999996,0.0,0.0,0.0,929.3393583999996,0.0,idle
3,5059,7963.0448736,7910.2448736,7091.0,52.8,819.2448735999997,0.0,0.0,0.0,819.2448735999997,0.0,idle
3,5060,7895.191302,7825.2913020000005,7071.0,69.9,754.2913020000005,0.0,0.0,0.0,754.2913020000005,0.0,idle
3,5061,7614.537266400001,7457.9372664,7071.0,156.60000000000002,386.9372664000002,0.0,0.0,0.0,386.9372664000002,0.0,idle
3,5078,8597.2819152,6902.981915199999,6891.0,1694.3000000000004,11.981915199998184,0.0,0.0,0.0,11.981915199998184,0.0,idle
3,5079,8743.5852732,7350.8852732000005,6891.0,1392.7,459.8852731999996,0.0,0.0,0.0,459.8852731999996,0.0,idle
3,5080,8749.8293904,7140.6293904,6736.0,1609.2,404.62939039999947,0.0,0.0,0.0,404.62939039999947,0.0,idle
3,5081,8611.393118399998,7458.193118399998,6736.0,1153.2,722.1931183999977,0.0,0.0,0.0,722.1931183999977,0.0,idle
3,5082,8245.8047028,7643.8047028,6736.0,602.0000000000002,907.8047028000001,0.0,0.0,0.0,907.8047028000001,0.0,idle
3,5083,7886.615322,7652.8153219999995,6791.0,233.8,861.8153219999995,0.0,0.0,0.0,861.8153219999995,0.0,idle
3,5084,7819.2977316,7512.7977316,6436.0,306.5,1076.7977315999997,0.0,0.0,0.0,1076.7977315999997,0.0,idle
3,5085,7496.868042,7290.068042,6436.0,206.79999999999998,854.0680419999999,0.0,0.0,0.0,854.0680419999999,0.0,idle
3,5105,8315.077249199998,6699.177249199998,6611.0,1615.9,88.17724919999819,0.0,0.0,0.0,88.17724919999819,0.0,idle
3,5108,7610.1973284,6985.7973284,6966.0,624.4,19.79732839999997,0.0,0.0,0.0,19.79732839999997,0.0,idle
3,5130,7746.4968348,7085.596834800001,6951.0,660.9000000000001,134.59683480000058,0.0,0.0,0.0,134.59683480000058,0.0,idle
3,5131,7509.854928,7195.854928,6951.0,314.0,244.85492799999975,0.0,0.0,0.0,244.85492799999975,0.0,idle
3,5132,7512.9861312,7209.2861312,6951.0,303.7,258.28613120000045,0.0,0.0,0.0,258.28613120000045,0.0,idle
3,5225,8585.325796799998,7539.925796799998,7534.0,1045.4,5.925796799998352,0.0,0.0,0.0,5.925796799998352,0.0,idle
3,5226,8112.3354924,7764.6354924,7534.0,347.70000000000005,230.63549239999975,0.0,0.0,0.0,230.63549239999975,0.0,idle
3,5227,7668.011960399999,7655.211960399999,7534.0,12.799999999999999,121.21196039999904,0.0,0.0,0.0,121.21196039999904,0.0,idle
3,5322,7557.242532,7244.642532,7226.0,312.6000000000001,18.642531999999846,0.0,0.0,0.0,18.642531999999846,0.0,idle
3,5346,8267.8548264,7858.1548264,7561.0,409.70000000000005,297.1548264000003,0.0,0.0,0.0,297.1548264000003,0.0,idle
3,5347,7881.870355199999,7789.770355199998,7561.0,92.10000000000001,228.77035519999845,0.0,0.0,0.0,228.77035519999845,0.0,idle
3,5348,7727.5802220000005,7585.680222000001,7561.0,141.89999999999998,24.680222000000867,0.0,0.0,0.0,24.680222000000867,0.0,idle
3,5391,9521.6215896,8044.121589599999,8016.0,1477.4999999999998,28.121589599999425,0.0,0.0,0.0,28.121589599999425,0.0,idle
3,5392,9384.988362,8052.988362,8016.0,1332.0,36.98836200000005,0.0,0.0,0.0,36.98836200000005,0.0,idle
3,5393,9047.764273199999,8180.764273199999,8016.0,867.0,164.76427319999857,0.0,0.0,0.0,164.76427319999857,0.0,idle
3,5415,9616.609868399999,8413.3098684,8036.0,1203.3,377.3098683999997,0.0,0.0,0.0,377.3098683999997,0.0,idle
3,5416,9621.0298224,8379.5298224,8036.0,1241.5,343.52982239999983,0.0,0.0,0.0,343.52982239999983,0.0,idle
3,5417,9274.0992684,8351.899268399999,8036.0,922.2,315.8992683999986,0.0,0.0,0.0,315.8992683999986,0.0,idle
3,5442,8363.6629308,8016.362930799999,7981.0,347.29999999999995,35.36293079999996,0.0,0.0,0.0,35.36293079999996,0.0,idle
3,5634,7610.562046800001,7347.4620468,7236.0,263.1,111.46204680000028,0.0,0.0,0.0,111.46204680000028,0.0,idle
3,5849,9074.7151788,8124.415178799999,8056.0,950.2999999999998,68.41517879999992,0.0,0.0,0.0,68.41517879999992,0.0,idle
3,5899,7979.189335200001,7304.8893352000005,7271.0,674.3,33.88933520000046,0.0,0.0,0.0,33.88933520000046,0.0,idle
3,5919,8738.6947272,7173.6947272,6871.0,1564.9999999999998,302.69472719999976,0.0,0.0,0.0,302.69472719999976,0.0,idle
3,5920,8770.682558399998,7425.782558399998,6816.0,1344.9,609.7825583999984,0.0,0.0,0.0,609.7825583999984,0.0,idle
3,5921,8551.2172752,7687.617275200001,6816.0,863.5999999999998,871.6172752000011,0.0,0.0,0.0,871.6172752000011,0.0,idle
3,5922,8124.802776,7880.102776000001,7171.0,244.7,709.1027760000006,0.0,0.0,0.0,709.1027760000006,0.0,idle
3,5923,7932.222494400001,7777.1224944000005,7171.0,155.1,606.1224944000005,0.0,0.0,0.0,606.1224944000005,0.0,idle
3,5924,7665.1404684,7566.9404684,7171.0,98.19999999999999,395.9404684000001,0.0,0.0,0.0,395.9404684000001,0.0,idle
3,5945,8501.4826992,7402.3826991999995,7321.0,1099.1000000000004,81.38269919999948,0.0,0.0,0.0,81.38269919999948,0.0,idle
3,5946,8091.783892799998,7785.683892799998,7321.0,306.1,464.6838927999979,0.0,0.0,0.0,464.6838927999979,0.0,idle
3,5947,7920.2224176,7613.9224176,7321.0,306.29999999999995,292.9224175999998,0.0,0.0,0.0,292.9224175999998,0.0,idle
3,5970,7538.5110288,7422.211028799999,6811.0,116.30000000000001,611.2110287999994,0.0,0.0,0.0,611.2110287999994,0.0,idle
3,5971,7297.670475599999,7242.670475599999,6811.0,55.0,431.670475599999,0.0,0.0,0.0,431.670475599999,0.0,idle
3,5972,7066.181099999999,6959.381099999999,6756.0,106.80000000000003,203.3810999999987,0.0,0.0,0.0,203.3810999999987,0.0,idle
3,6016,8081.271149999999,7124.871149999999,6946.0,956.4,178.87114999999903,0.0,0.0,0.0,178.87114999999903,0.0,idle
3,6017,7972.650745199999,7212.550745199998,6946.0,760.1,266.55074519999835,0.0,0.0,0.0,266.55074519999835,0.0,idle
3,6018,7674.8921436,7611.0921436,7346.0,63.8,265.0921435999999,0.0,0.0,0.0,265.0921435999999,0.0,idle
3,6040,8815.4581332,7681.2581332,7626.0,1134.1999999999998,55.258133199999065,0.0,0.0,0.0,55.258133199999065,0.0,idle
3,6041,8622.731652,7923.431652,7626.0,699.3,297.4316520000011,0.0,0.0,0.0,297.4316520000011,0.0,idle
3,6042,8252.73624,8221.53624,7626.0,31.200000000000003,595.5362400000004,0.0,0.0,0.0,595.5362400000004,0.0,idle
3,6043,8155.9766616,8146.2766616,7626.0,9.700000000000001,520.2766615999999,0.0,0.0,0.0,520.2766615999999,0.0,idle
3,6044,7913.8534776,7907.9534776,7626.0,5.9,281.95347760000004,0.0,0.0,0.0,281.95347760000004,0.0,idle
4,4339,7622.557266,7580.257266,7354.0,42.300000000000004,226.25726599999962,0.0,0.0,0.0,226.25726599999962,0.0,idle
4,4340,7529.5289987999995,7500.3289988,7354.0,29.2,146.32899879999968,0.0,0.0,0.0,146.32899879999968,0.0,idle
4,4362,7566.811765199998,7107.911765199999,6966.0,458.9,141.91176519999863,0.0,0.0,0.0,141.91176519999863,0.0,idle
4,4363,7295.645551199999,7198.145551199999,6966.0,97.49999999999999,232.14555119999932,0.0,0.0,0.0,232.14555119999932,0.0,idle
4,4364,7186.0911455999985,7051.191145599999,6966.0,134.9,85.19114559999889,0.0,0.0,0.0,85.19114559999889,0.0,idle
4,4383,8386.151734799998,6978.151734799998,6591.0,1408.0,387.15173479999794,0.0,0.0,0.0,387.15173479999794,0.0,idle
4,4384,8371.77648,6953.17648,6591.0,1418.6000000000001,362.1764800000001,0.0,0.0,0.0,362.1764800000001,0.0,idle
4,4385,8147.6289947999985,7100.6289947999985,6591.0,1047.0,509.6289947999985,0.0,0.0,0.0,509.6289947999985,0.0,idle
4,4386,7830.3718968,7274.971896800001,6591.0,555.4,683.9718968000006,0.0,0.0,0.0,683.9718968000006,0.0,idle
4,4387,7462.332112799999,7342.832112799999,6591.0,119.5,751.8321127999989,0.0,0.0,0.0,751.8321127999989,0.0,idle
4,4388,7347.9411048,7222.5411048000005,6591.0,125.4,631.5411048000005,0.0,0.0,0.0,631.5411048000005,0.0,idle
4,4389,7029.808212000001,6720.508212000001,6591.0,309.29999999999995,129.50821200000064,0.0,0.0,0.0,129.50821200000064,0.0,idle
4,4406,8449.4280096,6625.5280096,6591.0,1823.9000000000005,34.52800959999877,0.0,0.0,0.0,34.52800959999877,0.0,idle
4,4407,8658.445244399998,7021.245244399998,6591.0,1637.2,430.2452443999973,0.0,0.0,0.0,430.2452443999973,0.0,idle
4,4408,8701.527431999999,7238.527431999999,6591.0,1463.0000000000002,647.527431999999,0.0,0.0,0.0,647.527431999999,0.0,idle
4,4409,8550.9881148,7289.288114800001,6591.0,1261.6999999999998,698.2881148000006,0.0,0.0,0.0,698.2881148000006,0.0,idle
4,4410,8120.400264,7830.700264,6591.0,289.7,1239.700264,0.0,0.0,0.0,1239.700264,0.0,idle
4,4411,7754.3039676,7738.5039676,6591.0,15.8,1147.5039675999997,0.0,0.0,0.0,1147.5039675999997,0.0,idle
4,4412,7600.6025376,7591.4025376,6591.0,9.200000000000001,1000.4025376,0.0,0.0,0.0,1000.4025376,0.0,idle
4,4413,7252.7311716,6953.2311716,6591.0,299.5,362.2311716000004,0.0,0.0,0.0,362.2311716000004,0.0,idle
4,4431,8663.9621256,7185.862125599999,6836.0,1478.1,349.86212559999876,0.0,0.0,0.0,349.86212559999876,0.0,idle
4,4432,8710.342089599999,7138.942089599999,6891.0,1571.3999999999999,247.94208959999924,0.0,0.0,0.0,247.94208959999924,0.0,idle
4,4433,8568.7706328,7487.570632800001,7246.0,1081.2,241.57063279999966,0.0,0.0,0.0,241.57063279999966,0.0,idle
4,4434,8203.307270399999,7767.907270399999,7246.0,435.3999999999999,521.9072703999991,0.0,0.0,0.0,521.9072703999991,0.0,idle
4,4435,7810.671411599999,7782.571411599999,7091.0,28.1,691.571411599999,0.0,0.0,0.0,691.571411599999,0.0,idle
4,4436,7576.7596356,7554.059635600001,7091.0,22.7,463.05963560000055,0.0,0.0,0.0,463.05963560000055,0.0,idle
4,4437,7273.630998,7233.530997999999,6736.0,40.1,497.5309979999993,0.0,0.0,0.0,497.5309979999993,0.0,idle
4,4438,6790.856357999999,6780.556357999999,6736.0,10.3,44.55635799999891,0.0,0.0,0.0,44.55635799999891,0.0,idle
4,4458,7911.721127999999,7461.721127999999,7366.0,450.00000000000006,95.72112799999923,0.0,0.0,0.0,95.72112799999923,0.0,idle
4,4459,7573.131626400002,7546.531626400001,7366.0,26.6,180.5316264000012,0.0,0.0,0.0,180.5316264000012,0.0,idle
4,4460,7431.868120799999,7409.2681207999985,7211.0,22.600000000000005,198.26812079999854,0.0,0.0,0.0,198.26812079999854,0.0,idle
4,4745,8994.2783736,7596.6783736,7435.0,1397.6,161.67837359999976,0.0,0.0,0.0,161.67837359999976,0.0,idle
4,4746,8624.0821332,7925.3821332,7435.0,698.6999999999999,490.38213319999977,0.0,0.0,0.0,490.38213319999977,0.0,idle
4,4747,8226.9917112,7999.9917112,7435.0,226.99999999999994,564.9917112000003,0.0,0.0,0.0,564.9917112000003,0.0,idle
4,4748,7992.268818,7778.868818,7435.0,213.4,343.8688179999999,0.0,0.0,0.0,343.8688179999999,0.0,idle
4,4770,8865.122828399999,8028.022828399999,7770.0,837.1,258.0228283999986,0.0,0.0,0.0,258.0228283999986,0.0,idle
4,4771,8407.276507199998,7980.676507199998,7770.0,426.59999999999997,210.676507199998,0.0,0.0,0.0,210.676507199998,0.0,idle
4,4818,8212.8931476,7784.1931476,7738.0,428.7,46.193147599999975,0.0,0.0,0.0,46.193147599999975,0.0,idle
4,4819,7909.6445459999995,7878.1445459999995,7738.0,31.500000000000004,140.14454599999954,0.0,0.0,0.0,140.14454599999954,0.0,idle
4,4820,7797.3279708,7753.2279708,7738.0,44.099999999999994,15.227970799999639,0.0,0.0,0.0,15.227970799999639,0.0,idle
4,4865,9055.2499476,8016.0499475999995,7738.0,1039.1999999999998,278.04994759999863,0.0,0.0,0.0,278.04994759999863,0.0,idle
4,4866,8683.9678032,8227.0678032,7738.0,456.9,489.0678031999996,0.0,0.0,0.0,489.0678031999996,0.0,idle
4,4867,8295.2250312,8075.3250312,7738.0,219.89999999999998,337.3250312,0.0,0.0,0.0,337.3250312,0.0,idle
4,4868,8107.120542000001,7857.420542000001,7738.0,249.7,119.42054200000075,0.0,0.0,0.0,119.42054200000075,0.0,idle
4,4890,7943.881596,7531.4815960000005,7459.0,412.3999999999999,72.48159600000054,0.0,0.0,0.0,72.48159600000054,0.0,idle
4,4891,7662.959492399999,7655.359492399999,7459.0,7.600000000000001,196.359492399999,0.0,0.0,0.0,196.359492399999,0.0,idle
4,4892,7521.9135203999995,7501.813520399999,7459.0,20.1,42.813520399999106,0.0,0.0,0.0,42.813520399999106,0.0,idle
4,4935,9613.691175599999,8069.5911756,8024.0,1544.0999999999997,45.59117559999868,0.0,0.0,0.0,45.59117559999868,0.0,idle
4,4937,9135.6166932,8069.1166932,8024.0,1066.5,45.116693199999645,0.0,0.0,0.0,45.116693199999645,0.0,idle
4,4938,8776.5207528,8312.5207528,8024.0,464.0,288.5207527999992,0.0,0.0,0.0,288.5207527999992,0.0,idle
4,4939,8460.8972676,8356.9972676,8024.0,103.9,332.99726759999976,0.0,0.0,0.0,332.99726759999976,0.0,idle
4,4940,8260.0971888,8131.897188800001,8024.0,128.2,107.89718880000055,0.0,0.0,0.0,107.89718880000055,0.0,idle
4,4941,7923.681441599999,7739.681441599999,7624.0,184.0,115.68144159999883,0.0,0.0,0.0,115.68144159999883,0.0,idle
4,4961,8763.4158888,7762.1158888,7624.0,1001.3000000000004,138.11588879999908,0.0,0.0,0.0,138.11588879999908,0.0,idle
4,4962,8492.8597104,8088.7597104,7624.0,404.0999999999999,464.7597103999997,0.0,0.0,0.0,464.7597103999997,0.0,idle
4,4963,8276.877386400001,8244.277386400001,7624.0,32.599999999999994,620.277386400001,0.0,0.0,0.0,620.277386400001,0.0,idle
4,4964,8170.089081599999,8142.789081599999,7644.0,27.3,498.789081599999,0.0,0.0,0.0,498.789081599999,0.0,idle
4,4965,7817.220694799999,7773.5206948,7644.0,43.70000000000001,129.52069479999955,0.0,0.0,0.0,129.52069479999955,0.0,idle
4,4984,9035.9972088,8118.2972088,7644.0,917.7,474.29720879999877,0.0,0.0,0.0,474.29720879999877,0.0,idle
4,4985,9015.6539772,8390.6539772,7289.0,625.0,1101.6539771999996,0.0,0.0,0.0,1101.6539771999996,0.0,idle
4,4986,8769.700906799999,8548.4009068,7289.0,221.3,1259.4009067999987,0.0,0.0,0.0,1259.4009067999987,0.0,idle
4,4987,8488.237098,8435.837098,7289.0,52.400000000000006,1146.837098,0.0,0.0,0.0,1146.837098,0.0,idle
4,4988,8389.1195784,8331.7195784,7289.0,57.400000000000006,1042.7195783999996,0.0,0.0,0.0,1042.7195783999996,0.0,idle
4,4989,8016.616429199999,7935.9164292,7289.0,80.7,646.9164291999996,0.0,0.0,0.0,646.9164291999996,0.0,idle
4,5005,9342.2482848,7461.3482848,7289.0,1880.9,172.34828480000033,0.0,0.0,0.0,172.34828480000033,0.0,idle
4,5006,9617.6803296,7732.7803296,7289.0,1884.8999999999999,443.7803296000002,0.0,0.0,0.0,443.7803296000002,0.0,idle
4,5007,9668.9397636,8166.939763599999,7489.0,1502.0000000000005,677.9397635999994,0.0,0.0,0.0,677.9397635999994,0.0,idle
4,5008,9595.9810848,8018.381084799999,7489.0,1577.6000000000001,529.3810847999994,0.0,0.0,0.0,529.3810847999994,0.0,idle
4,5009,9400.583191200001,8185.283191200001,7489.0,1215.3,696.283191200002,0.0,0.0,0.0,696.283191200002,0.0,idle
4,5010,9018.2148732,8236.4148732,7489.0,781.8000000000002,747.4148732000012,0.0,0.0,0.0,747.4148732000012,0.0,idle
4,5011,8694.383441999998,8300.883441999998,7489.0,393.5,811.8834419999985,0.0,0.0,0.0,811.8834419999985,0.0,idle
4,5012,8616.4900188,8302.0900188,7334.0,314.4,968.0900187999996,0.0,0.0,0.0,968.0900187999996,0.0,idle
4,5013,8299.3360332,7563.236033199999,7334.0,736.1,229.23603319999893,0.0,0.0,0.0,229.23603319999893,0.0,idle
4,5029,9082.349221199998,6999.549221199999,6936.0,2082.7999999999997,63.54922119999901,0.0,0.0,0.0,63.54922119999901,0.0,idle
4,5030,9308.1657612,7555.5657611999995,6936.0,1752.6,619.5657611999995,0.0,0.0,0.0,619.5657611999995,0.0,idle
4,5031,9328.8556668,7805.8556668,6936.0,1523.0,869.8556668000001,0.0,0.0,0.0,869.8556668000001,0.0,idle
4,5032,9157.424287199998,7438.724287199997,6936.0,1718.7000000000003,502.724287199997,0.0,0.0,0.0,502.724287199997,0.0,idle
4,5033,8887.043203199999,7685.643203199999,6936.0,1201.4,749.6432031999993,0.0,0.0,0.0,749.6432031999993,0.0,idle
4,5034,8493.3877032,7833.1877032,6936.0,660.1999999999999,897.1877032000002,0.0,0.0,0.0,897.1877032000002,0.0,idle
4,5035,8189.395682400001,7921.395682400001,6936.0,268.0,985.3956824000006,0.0,0.0,0.0,985.3956824000006,0.0,idle
4,5036,7967.951562,7664.451562,6936.0,303.5,728.4515620000002,0.0,0.0,0.0,728.4515620000002,0.0,idle
4,5056,8987.9883324,7649.588332400001,7581.0,1338.4,68.58833240000058,0.0,0.0,0.0,68.58833240000058,0.0,idle
4,5057,8833.162348799999,8006.562348799998,7581.0,826.5999999999999,425.5623487999983,0.0,0.0,0.0,425.5623487999983,0.0,idle
4,5058,8230.0393584,8020.3393584,7581.0,209.70000000000005,439.3393583999996,0.0,0.0,0.0,439.3393583999996,0.0,idle
4,5059,7963.0448736,7910.2448736,7581.0,52.8,329.24487359999966,0.0,0.0,0.0,329.24487359999966,0.0,idle
4,5060,7895.191302,7825.2913020000005,7581.0,69.9,244.29130200000054,0.0,0.0,0.0,244.29130200000054,0.0,idle
4,5346,8267.8548264,7858.1548264,7494.0,409.70000000000005,364.1548264000003,0.0,0.0,0.0,364.1548264000003,0.0,idle
4,5347,7881.870355199999,7789.770355199998,7418.0,92.10000000000001,371.77035519999845,0.0,0.0,0.0,371.77035519999845,0.0,idle
4,5348,7727.5802220000005,7585.680222000001,7418.0,141.89999999999998,167.68022200000087,0.0,0.0,0.0,167.68022200000087,0.0,idle
4,5391,9521.6215896,8044.121589599999,7581.0,1477.4999999999998,463.1215895999994,0.0,0.0,0.0,463.1215895999994,0.0,idle
4,5392,9384.988362,8052.988362,7616.0,1332.0,436.98836200000005,0.0,0.0,0.0,436.98836200000005,0.0,idle
4,5393,9047.764273199999,8180.764273199999,7616.0,867.0,564.7642731999986,0.0,0.0,0.0,564.7642731999986,0.0,idle
4,5394,8384.8064328,7911.5064328,7616.0,473.30000000000007,295.50643279999986,0.0,0.0,0.0,295.50643279999986,0.0,idle
4,5395,8139.8365812,7861.3365812,7616.0,278.5,245.33658120000018,0.0,0.0,0.0,245.33658120000018,0.0,idle
4,5396,8028.005088,7785.105088,7616.0,242.89999999999998,169.10508800000025,0.0,0.0,0.0,169.10508800000025,0.0,idle
4,5414,9394.130548799998,7985.430548799998,7981.0,1408.7,4.430548799997268,0.0,0.0,0.0,4.430548799997268,0.0,idle
4,5415,9616.609868399999,8413.3098684,7981.0,1203.3,432.3098683999997,0.0,0.0,0.0,432.3098683999997,0.0,idle
4,5416,9621.0298224,8379.5298224,7981.0,1241.5,398.52982239999983,0.0,0.0,0.0,398.52982239999983,0.0,idle
4,5417,9274.0992684,8351.899268399999,7981.0,922.2,370.8992683999986,0.0,0.0,0.0,370.8992683999986,0.0,idle
4,5442,8363.6629308,8016.362930799999,7981.0,347.29999999999995,35.36293079999996,0.0,0.0,0.0,35.36293079999996,0.0,idle
4,5512,8674.7136648,7044.313664799999,7025.0,1630.4000000000003,19.31366479999997,0.0,0.0,0.0,19.31366479999997,0.0,idle
4,5513,8320.0651752,7069.965175199999,7025.0,1250.1,44.96517519999907,0.0,0.0,0.0,44.96517519999907,0.0,idle
4,5514,7765.4920824,7428.3920824,7025.0,337.1,403.3920823999997,0.0,0.0,0.0,403.3920823999997,0.0,idle
4,5515,7469.5812743999995,7371.781274399999,7025.0,97.8,346.78127439999935,0.0,0.0,0.0,346.78127439999935,0.0,idle
4,5516,7340.980116,7103.1801159999995,7025.0,237.79999999999998,78.18011599999954,0.0,0.0,0.0,78.18011599999954,0.0,idle
4,5610,7712.915061600001,7435.715061600001,7351.0,277.20000000000005,84.71506160000081,0.0,0.0,0.0,84.71506160000081,0.0,idle
4,5681,9001.8533052,7852.5533052,7686.0,1149.3,166.55330520000098,0.0,0.0,0.0,166.55330520000098,0.0,idle
4,5682,8401.7091504,7807.5091504,7686.0,594.2,121.50915039999927,0.0,0.0,0.0,121.50915039999927,0.0,idle
4,5727,9830.2031484,7894.3031484,7686.0,1935.8999999999996,208.30314840000028,0.0,0.0,0.0,208.30314840000028,0.0,idle
4,5728,9731.730086399999,7807.430086399999,7686.0,1924.3,121.43008639999971,0.0,0.0,0.0,121.43008639999971,0.0,idle
4,5729,9421.025268,7894.725268,7686.0,1526.2999999999997,208.72526800000014,0.0,0.0,0.0,208.72526800000014,0.0,idle
4,5730,8796.0528576,7894.7528575999995,7686.0,901.3000000000001,208.75285760000043,0.0,0.0,0.0,208.75285760000043,0.0,idle
4,5731,8496.1754184,7858.3754184,7686.0,637.8,172.37541840000085,0.0,0.0,0.0,172.37541840000085,0.0,idle
4,5732,8241.682212,7707.782212,7686.0,533.9000000000001,21.782212000000072,0.0,0.0,0.0,21.782212000000072,0.0,idle
4,5754,7812.6160104,7616.0160104,7500.0,196.59999999999997,116.01601039999969,0.0,0.0,0.0,116.01601039999969,0.0,idle
4,5777,8015.422183199999,7028.322183199999,6846.0,987.1,182.32218319999902,0.0,0.0,0.0,182.32218319999902,0.0,idle
4,5778,7480.481542799999,7153.481542799999,6846.0,327.0,307.48154279999926,0.0,0.0,0.0,307.48154279999926,0.0,idle
4,5779,7223.781985199999,7108.5819851999995,6846.0,115.2,262.5819851999995,0.0,0.0,0.0,262.5819851999995,0.0,idle
4,5780,7015.9128732,6932.1128732,6846.0,83.8,86.11287319999974,0.0,0.0,0.0,86.11287319999974,0.0,idle
4,5826,7532.467506,7358.967506,7221.0,173.5,137.96750599999996,0.0,0.0,0.0,137.96750599999996,0.0,idle
4,5847,9295.185414,7530.885413999999,7166.0,1764.3,364.8854140000003,0.0,0.0,0.0,364.8854140000003,0.0,idle
4,5848,9339.684010800001,7880.984010800002,7166.0,1458.7,714.9840108000008,0.0,0.0,0.0,714.9840108000008,0.0,idle
4,5849,9074.7151788,8124.415178799999,7146.0,950.2999999999998,978.415178799999,0.0,0.0,0.0,978.415178799999,0.0,idle
4,5850,8446.944018,8041.744018,7146.0,405.2,895.7440180000003,0.0,0.0,0.0,895.7440180000003,0.0,idle
4,5851,8048.874348,7694.474348000001,7146.0,354.40000000000003,548.4743480000006,0.0,0.0,0.0,548.4743480000006,0.0,idle
4,5852,7672.10841,7359.70841,7146.0,312.4,213.70841000000019,0.0,0.0,0.0,213.70841000000019,0.0,idle
4,6042,8252.73624,8221.53624,8009.0,31.200000000000003,212.53624000000036,0.0,0.0,0.0,212.53624000000036,0.0,idle
4,6043,8155.9766616,8146.2766616,8009.0,9.700000000000001,137.2766615999999,0.0,0.0,0.0,137.2766615999999,0.0,idle
5,4339,7622.557266,7580.257266,7411.0,42.300000000000004,169.25726599999962,0.0,0.0,0.0,169.25726599999962,0.0,idle
5,4340,7529.5289987999995,7500.3289988,7411.0,29.2,89.32899879999968,0.0,0.0,0.0,89.32899879999968,0.0,idle
5,4410,8120.400264,7830.700264,7601.0,289.7,229.70026400000006,0.0,0.0,0.0,229.70026400000006,0.0,idle
5,4411,7754.3039676,7738.5039676,7601.0,15.8,137.50396759999967,0.0,0.0,0.0,137.50396759999967,0.0,idle
5,4434,8203.307270399999,7767.907270399999,7566.0,435.3999999999999,201.9072703999991,0.0,0.0,0.0,201.9072703999991,0.0,idle
5,4435,7810.671411599999,7782.571411599999,7546.0,28.1,236.571411599999,0.0,0.0,0.0,236.571411599999,0.0,idle
5,4436,7576.7596356,7554.059635600001,7546.0,22.7,8.059635600000547,0.0,0.0,0.0,8.059635600000547,0.0,idle
5,4746,8624.0821332,7925.3821332,7681.0,698.6999999999999,244.38213319999886,0.0,0.0,0.0,244.38213319999886,0.0,idle
5,4747,8226.9917112,7999.9917112,7681.0,226.99999999999994,318.9917112000003,0.0,0.0,0.0,318.9917112000003,0.0,idle
5,4748,7992.268818,7778.868818,7681.0,213.4,97.86881799999992,0.0,0.0,0.0,97.86881799999992,0.0,idle
5,4769,9242.2925904,7763.392590400001,7701.0,1478.9,62.3925904000007,0.0,0.0,0.0,62.3925904000007,0.0,idle
5,4770,8865.122828399999,8028.022828399999,7681.0,837.1,347.0228283999986,0.0,0.0,0.0,347.0228283999986,0.0,idle
5,4771,8407.276507199998,7980.676507199998,7681.0,426.59999999999997,299.676507199998,0.0,0.0,0.0,299.676507199998,0.0,idle
5,4772,8135.808402,7748.708401999999,7681.0,387.1,67.7084019999993,0.0,0.0,0.0,67.7084019999993,0.0,idle
5,4819,7909.6445459999995,7878.1445459999995,7805.0,31.500000000000004,73.14454599999954,0.0,0.0,0.0,73.14454599999954,0.0,idle
5,4820,7797.3279708,7753.2279708,7650.0,44.099999999999994,103.22797079999964,0.0,0.0,0.0,103.22797079999964,0.0,idle
5,4864,9215.9974728,7716.397472799999,7606.0,1499.6000000000004,110.39747279999938,0.0,0.0,0.0,110.39747279999938,0.0,idle
5,4865,9055.2499476,8016.0499475999995,7961.0,1039.1999999999998,55.04994759999863,0.0,0.0,0.0,55.04994759999863,0.0,idle
5,4866,8683.9678032,8227.0678032,7961.0,456.9,266.0678031999996,0.0,0.0,0.0,266.0678031999996,0.0,idle
5,4867,8295.2250312,8075.3250312,7961.0,219.89999999999998,114.32503120000001,0.0,0.0,0.0,114.32503120000001,0.0,idle
5,4891,7662.959492399999,7655.359492399999,7606.0,7.600000000000001,49.359492399999,0.0,0.0,0.0,49.359492399999,0.0,idle
5,4912,8871.377075999999,7723.077075999999,7626.0,1148.3000000000002,97.07707599999958,0.0,0.0,0.0,97.07707599999958,0.0,idle
5,4913,8520.8495076,7685.9495076,7626.0,834.9000000000001,59.94950760000029,0.0,0.0,0.0,59.94950760000029,0.0,idle
5,4914,8122.5708348,7831.0708348,7626.0,291.5,205.07083479999983,0.0,0.0,0.0,205.07083479999983,0.0,idle
5,4915,7765.092779999999,7700.792779999999,7626.0,64.30000000000001,74.79277999999886,0.0,0.0,0.0,74.79277999999886,0.0,idle
5,4935,9613.691175599999,8069.5911756,7656.0,1544.0999999999997,413.5911755999987,0.0,0.0,0.0,413.5911755999987,0.0,idle
5,4936,9449.5704288,7969.970428799999,7636.0,1479.6,333.97042879999935,0.0,0.0,0.0,333.97042879999935,0.0,idle
5,4937,9135.6166932,8069.1166932,7581.0,1066.5,488.11669319999965,0.0,0.0,0.0,488.11669319999965,0.0,idle
5,4938,8776.5207528,8312.5207528,7581.0,464.0,731.5207527999992,0.0,0.0,0.0,731.5207527999992,0.0,idle
5,4939,8460.8972676,8356.9972676,7581.0,103.9,775.9972675999998,0.0,0.0,0.0,775.9972675999998,0.0,idle
5,4940,8260.0971888,8131.897188800001,7581.0,128.2,550.8971888000005,0.0,0.0,0.0,550.8971888000005,0.0,idle
5,4941,7923.681441599999,7739.681441599999,7581.0,184.0,158.68144159999883,0.0,0.0,0.0,158.68144159999883,0.0,idle
5,4959,8727.118100400001,7452.518100400001,7246.0,1274.6000000000004,206.51810040000055,0.0,0.0,0.0,206.51810040000055,0.0,idle
5,4960,8825.6747472,7372.8747472000005,7246.0,1452.8,126.87474720000137,0.0,0.0,0.0,126.87474720000137,0.0,idle
5,4961,8763.4158888,7762.1158888,7246.0,1001.3000000000004,516.1158887999991,0.0,0.0,0.0,516.1158887999991,0.0,idle
5,4962,8492.8597104,8088.7597104,7091.0,404.0999999999999,997.7597103999997,0.0,0.0,0.0,997.7597103999997,0.0,idle
5,4963,8276.877386400001,8244.277386400001,7091.0,32.599999999999994,1153.277386400001,0.0,0.0,0.0,1153.277386400001,0.0,idle
5,4964,8170.089081599999,8142.789081599999,7091.0,27.3,1051.789081599999,0.0,0.0,0.0,1051.789081599999,0.0,idle
5,4965,7817.220694799999,7773.5206948,7091.0,43.70000000000001,682.5206947999995,0.0,0.0,0.0,682.5206947999995,0.0,idle
5,4966,7316.5435032,7205.943503199999,7091.0,110.6,114.94350319999921,0.0,0.0,0.0,114.94350319999921,0.0,idle
5,4983,8867.3378844,7585.5378844,7246.0,1281.8,339.5378844000006,0.0,0.0,0.0,339.5378844000006,0.0,idle
5,4984,9035.9972088,8118.2972088,7246.0,917.7,872.2972087999997,0.0,0.0,0.0,872.2972087999997,0.0,idle
5,4985,9015.6539772,8390.6539772,7246.0,625.0,1144.6539771999996,0.0,0.0,0.0,1144.6539771999996,0.0,idle
5,4986,8769.700906799999,8548.4009068,7246.0,221.3,1302.4009067999987,0.0,0.0,0.0,1302.4009067999987,0.0,idle
5,4987,8488.237098,8435.837098,7246.0,52.400000000000006,1189.837098,0.0,0.0,0.0,1189.837098,0.0,idle
5,4988,8389.1195784,8331.7195784,7246.0,57.400000000000006,1085.7195783999996,0.0,0.0,0.0,1085.7195783999996,0.0,idle
5,4989,8016.616429199999,7935.9164292,7246.0,80.7,689.9164291999996,0.0,0.0,0.0,689.9164291999996,0.0,idle
5,5004,8986.9988664,7154.498866399999,6916.0,1832.4999999999998,238.49886639999932,0.0,0.0,0.0,238.49886639999932,0.0,idle
5,5005,9342.2482848,7461.3482848,7266.0,1880.9,195.34828480000033,0.0,0.0,0.0,195.34828480000033,0.0,idle
5,5006,9617.6803296,7732.7803296,7266.0,1884.8999999999999,466.7803296000002,0.0,0.0,0.0,466.7803296000002,0.0,idle
5,5007,9668.9397636,8166.939763599999,7266.0,1502.0000000000005,900.9397635999994,0.0,0.0,0.0,900.9397635999994,0.0,idle
5,5008,9595.9810848,8018.381084799999,7266.0,1577.6000000000001,752.3810847999994,0.0,0.0,0.0,752.3810847999994,0.0,idle
5,5009,9400.583191200001,8185.283191200001,7266.0,1215.3,919.283191200002,0.0,0.0,0.0,919.283191200002,0.0,idle
5,5010,9018.2148732,8236.4148732,7266.0,781.8000000000002,970.4148732000003,0.0,0.0,0.0,970.4148732000003,0.0,idle
5,5011,8694.383441999998,8300.883441999998,7266.0,393.5,1034.8834419999985,0.0,0.0,0.0,1034.8834419999985,0.0,idle
5,5012,8616.4900188,8302.0900188,7266.0,314.4,1036.0900187999996,0.0,0.0,0.0,1036.0900187999996,0.0,idle
5,5013,8299.3360332,7563.236033199999,7266.0,736.1,297.23603319999893,0.0,0.0,0.0,297.23603319999893,0.0,idle
5,5030,9308.1657612,7555.5657611999995,7231.0,1752.6,324.56576119999954,0.0,0.0,0.0,324.56576119999954,0.0,idle
5,5031,9328.8556668,7805.8556668,7231.0,1523.0,574.8556668000001,0.0,0.0,0.0,574.8556668000001,0.0,idle
5,5032,9157.424287199998,7438.724287199997,7231.0,1718.7000000000003,207.72428719999698,0.0,0.0,0.0,207.72428719999698,0.0,idle
5,5033,8887.043203199999,7685.643203199999,7231.0,1201.4,454.64320319999933,0.0,0.0,0.0,454.64320319999933,0.0,idle
5,5034,8493.3877032,7833.1877032,7231.0,660.1999999999999,602.1877032000002,0.0,0.0,0.0,602.1877032000002,0.0,idle
5,5035,8189.395682400001,7921.395682400001,7231.0,268.0,690.3956824000006,0.0,0.0,0.0,690.3956824000006,0.0,idle
5,5036,7967.951562,7664.451562,7231.0,303.5,433.4515620000002,0.0,0.0,0.0,433.4515620000002,0.0,idle
5,5055,9062.6416116,7092.7416116,6916.0,1969.8999999999996,176.7416116000004,0.0,0.0,0.0,176.7416116000004,0.0,idle
5,5056,8987.9883324,7649.588332400001,6916.0,1338.4,733.5883324000006,0.0,0.0,0.0,733.5883324000006,0.0,idle
5,5057,8833.162348799999,8006.562348799998,6916.0,826.5999999999999,1090.5623487999983,0.0,0.0,0.0,1090.5623487999983,0.0,idle
5,5058,8230.0393584,8020.3393584,6916.0,209.70000000000005,1104.3393583999996,0.0,0.0,0.0,1104.3393583999996,0.0,idle
5,5059,7963.0448736,7910.2448736,6916.0,52.8,994.2448735999997,0.0,0.0,0.0,994.2448735999997,0.0,idle
5,5060,7895.191302,7825.2913020000005,6916.0,69.9,909.2913020000005,0.0,0.0,0.0,909.2913020000005,0.0,idle
5,5061,7614.537266400001,7457.9372664,6861.0,156.60000000000002,596.9372664000002,0.0,0.0,0.0,596.9372664000002,0.0,idle
5,5062,7101.232759199999,6944.932759199999,6861.0,156.29999999999998,83.93275919999905,0.0,0.0,0.0,83.93275919999905,0.0,idle
5,5079,8743.5852732,7350.8852732000005,7086.0,1392.7,264.8852731999996,0.0,0.0,0.0,264.8852731999996,0.0,idle
5,5080,8749.8293904,7140.6293904,7086.0,1609.2,54.629390399999465,0.0,0.0,0.0,54.629390399999465,0.0,idle
5,5081,8611.393118399998,7458.193118399998,7086.0,1153.2,372.1931183999968,0.0,0.0,0.0,372.1931183999968,0.0,idle
5,5082,8245.8047028,7643.8047028,7441.0,602.0000000000002,202.8047028000001,0.0,0.0,0.0,202.8047028000001,0.0,idle
5,5083,7886.615322,7652.8153219999995,7476.0,233.8,176.81532199999947,0.0,0.0,0.0,176.81532199999947,0.0,idle
5,5084,7819.2977316,7512.7977316,7476.0,306.5,36.79773159999968,0.0,0.0,0.0,36.79773159999968,0.0,idle
5,5177,8248.842518399999,7213.2425183999985,7046.0,1035.6,167.24251839999852,0.0,0.0,0.0,167.24251839999852,0.0,idle
5,5178,7814.3198436,7446.0198436,6991.0,368.3,455.01984360000006,0.0,0.0,0.0,455.01984360000006,0.0,idle
5,5179,7492.6887552,7465.3887552,6991.0,27.3,474.38875519999965,0.0,0.0,0.0,474.38875519999965,0.0,idle
5,5180,7469.6761188,7430.4761188,6991.0,39.199999999999996,439.4761188000002,0.0,0.0,0.0,439.4761188000002,0.0,idle
5,5181,7096.688470799999,7054.388470799999,6991.0,42.3,63.388470799998686,0.0,0.0,0.0,63.388470799998686,0.0,idle
5,5226,8112.3354924,7764.6354924,7626.0,347.70000000000005,138.63549239999975,0.0,0.0,0.0,138.63549239999975,0.0,idle
5,5227,7668.011960399999,7655.211960399999,7571.0,12.799999999999999,84.21196039999904,0.0,0.0,0.0,84.21196039999904,0.0,idle
5,5391,9521.6215896,8044.121589599999,7471.0,1477.4999999999998,573.1215895999994,0.0,0.0,0.0,573.1215895999994,0.0,idle
5,5392,9384.988362,8052.988362,7491.0,1332.0,561.988362,0.0,0.0,0.0,561.988362,0.0,idle
5,5393,9047.764273199999,8180.764273199999,7416.0,867.0,764.7642731999986,0.0,0.0,0.0,764.7642731999986,0.0,idle
5,5394,8384.8064328,7911.5064328,7416.0,473.30000000000007,495.50643279999986,0.0,0.0,0.0,495.50643279999986,0.0,idle
5,5395,8139.8365812,7861.3365812,7416.0,278.5,445.3365812000002,0.0,0.0,0.0,445.3365812000002,0.0,idle
5,5396,8028.005088,7785.105088,7416.0,242.89999999999998,369.10508800000025,0.0,0.0,0.0,369.10508800000025,0.0,idle
5,5414,9394.130548799998,7985.430548799998,7415.0,1408.7,570.4305487999973,0.0,0.0,0.0,570.4305487999973,0.0,idle
5,5415,9616.609868399999,8413.3098684,7415.0,1203.3,998.3098683999997,0.0,0.0,0.0,998.3098683999997,0.0,idle
5,5416,9621.0298224,8379.5298224,7415.0,1241.5,964.5298223999998,0.0,0.0,0.0,964.5298223999998,0.0,idle
5,5417,9274.0992684,8351.899268399999,7415.0,922.2,936.8992683999986,0.0,0.0,0.0,936.8992683999986,0.0,idle
5,5418,8596.3839216,7704.3839216,7415.0,892.0,289.38392159999967,0.0,0.0,0.0,289.38392159999967,0.0,idle
5,5419,8222.1907356,7698.490735599999,7470.0,523.6999999999999,228.49073559999943,0.0,0.0,0.0,228.49073559999943,0.0,idle
5,5441,8896.300754400001,7863.800754400001,7738.0,1032.5,125.8007544000011,0.0,0.0,0.0,125.8007544000011,0.0,idle
5,5442,8363.6629308,8016.362930799999,7738.0,347.29999999999995,278.36293079999905,0.0,0.0,0.0,278.36293079999905,0.0,idle
5,5443,7883.833223999999,7815.533223999999,7738.0,68.3,77.53322399999888,0.0,0.0,0.0,77.53322399999888,0.0,idle
5,5680,9277.010004,7677.610004,7676.0,1599.3999999999999,1.6100040000001172,0.0,0.0,0.0,1.6100040000001172,0.0,idle
5,5681,9001.8533052,7852.5533052,7676.0,1149.3,176.55330520000098,0.0,0.0,0.0,176.55330520000098,0.0,idle
5,5682,8401.7091504,7807.5091504,7676.0,594.2,131.50915039999927,0.0,0.0,0.0,131.50915039999927,0.0,idle
5,5725,9271.6080288,7410.408028799999,7251.0,1861.2000000000003,159.40802879999865,0.0,0.0,0.0,159.40802879999865,0.0,idle
5,5726,9630.816713999999,7670.216713999998,7251.0,1960.6,419.2167139999983,0.0,0.0,0.0,419.2167139999983,0.0,idle
5,5727,9830.2031484,7894.3031484,7251.0,1935.8999999999996,643.3031484000003,0.0,0.0,0.0,643.3031484000003,0.0,idle
5,5728,9731.730086399999,7807.430086399999,7251.0,1924.3,556.4300863999997,0.0,0.0,0.0,556.4300863999997,0.0,idle
5,5729,9421.025268,7894.725268,7251.0,1526.2999999999997,643.7252680000001,0.0,0.0,0.0,643.7252680000001,0.0,idle
5,5730,8796.0528576,7894.7528575999995,7251.0,901.3000000000001,643.7528575999995,0.0,0.0,0.0,643.7528575999995,0.0,idle
5,5731,8496.1754184,7858.3754184,7251.0,637.8,607.3754184,0.0,0.0,0.0,607.3754184,0.0,idle
5,5732,8241.682212,7707.782212,7251.0,533.9000000000001,456.7822120000001,0.0,0.0,0.0,456.7822120000001,0.0,idle
5,5752,8643.460906799999,7203.960906799999,7196.0,1439.4999999999995,7.960906799999066,0.0,0.0,0.0,7.960906799999066,0.0,idle
5,5753,8371.215637199999,7472.715637199999,7196.0,898.5,276.71563719999904,0.0,0.0,0.0,276.71563719999904,0.0,idle
5,5754,7812.6160104,7616.0160104,7546.0,196.59999999999997,70.01601039999969,0.0,0.0,0.0,70.01601039999969,0.0,idle
5,5848,9339.684010800001,7880.984010800002,7621.0,1458.7,259.98401080000076,0.0,0.0,0.0,259.98401080000076,0.0,idle
5,5849,9074.7151788,8124.415178799999,7621.0,950.2999999999998,503.4151787999999,0.0,0.0,0.0,503.4151787999999,0.0,idle
5,5850,8446.944018,8041.744018,7621.0,405.2,420.7440180000003,0.0,0.0,0.0,420.7440180000003,0.0,idle
5,5851,8048.874348,7694.474348000001,7621.0,354.40000000000003,73.47434800000065,0.0,0.0,0.0,73.47434800000065,0.0,idle
5,5920,8770.682558399998,7425.782558399998,7291.0,1344.9,134.78255839999838,0.0,0.0,0.0,134.78255839999838,0.0,idle
5,5921,8551.2172752,7687.617275200001,7291.0,863.5999999999998,396.61727520000113,0.0,0.0,0.0,396.61727520000113,0.0,idle
5,5922,8124.802776,7880.102776000001,7291.0,244.7,589.1027760000006,0.0,0.0,0.0,589.1027760000006,0.0,idle
5,5923,7932.222494400001,7777.1224944000005,7446.0,155.1,331.1224944000005,0.0,0.0,0.0,331.1224944000005,0.0,idle
5,5924,7665.1404684,7566.9404684,7391.0,98.19999999999999,175.9404684000001,0.0,0.0,0.0,175.9404684000001,0.0,idle
5,5945,8501.4826992,7402.3826991999995,7148.0,1099.1000000000004,254.38269919999948,0.0,0.0,0.0,254.38269919999948,0.0,idle
5,5946,8091.783892799998,7785.683892799998,7148.0,306.1,637.6838927999979,0.0,0.0,0.0,637.6838927999979,0.0,idle
5,5947,7920.2224176,7613.9224176,7148.0,306.29999999999995,465.9224175999998,0.0,0.0,0.0,465.9224175999998,0.0,idle
5,5948,7644.8222915999995,7152.722291599999,7148.0,492.1,4.722291599999153,0.0,0.0,0.0,4.722291599999153,0.0,idle
5,6042,8252.73624,8221.53624,8036.0,31.200000000000003,185.53624000000036,0.0,0.0,0.0,185.53624000000036,0.0,idle
5,6043,8155.9766616,8146.2766616,8036.0,9.700000000000001,110.2766615999999,0.0,0.0,0.0,110.2766615999999,0.0,idle
